id_cliente;nombre_canonico;alias;cif;grupo_indexacion;pais;regimen_iva;ciclo_facturacion;id;createdAt;updatedAt
FORESA;FORESA;;;FORESA-BRESFOR;ES;21;;1;2026-08-19T11:03:00.767Z;2026-08-19T11:55:50.468Z
QUIMIDROGA;QUIMIDROGA;;;QUIMIDROGA;;;quincenal;2;2026-08-19T11:03:00.767Z;2026-08-19T11:03:00.767Z
HELM;HELM;;;HELM;ES;21;quincenal;3;2026-08-19T11:03:00.767Z;2026-08-19T11:03:00.767Z
BALTRANSA;BALTRANSA;;;BALTRANSA;ES;21;quincenal;4;2026-08-19T11:03:00.767Z;2026-08-19T11:03:00.767Z
RNM;RNM;;;OTROS;PT;sin_iva;quincenal;5;2026-08-19T11:03:00.767Z;2026-08-19T11:03:00.767Z
QUIMICAS DEL JARAMA;QUIMICAS DEL JARAMA;JARAMA;;OTROS;ES;21;quincenal;6;2026-08-19T11:03:00.767Z;2026-08-19T11:03:00.767Z
TRANSTAMBRE;TRANSTAMBRE;;;OTROS;ES;21;quincenal;7;2026-08-19T11:03:00.767Z;2026-08-19T11:03:00.767Z
FORESTAL DEL ATLANTICO;FORESTAL DEL ATLANTICO;FORESTAL;;OTROS;ES;21;quincenal;8;2026-08-19T11:03:00.767Z;2026-08-19T11:03:00.767Z
TANK SOLUTIONS;TANK SOLUTIONS;;;SIN_IDX;ES;21;quincenal;9;2026-08-19T11:03:00.767Z;2026-08-19T11:03:00.767Z
TRANSPORTES SANTOS;TRANSPORTES SANTOS;;;SIN_IDX;ES;21;quincenal;10;2026-08-19T11:03:00.767Z;2026-08-19T11:03:00.767Z
HISPALENSE;HISPALENSE;;;SIN_IDX;ES;21;quincenal;11;2026-08-19T11:03:00.767Z;2026-08-19T11:03:00.767Z
BRESFOR;BRESFOR;BREDFOR;;FORESA-BRESFOR;PT;sin_iva;;12;2026-08-19T11:54:58.970Z;2026-08-19T17:02:18.308Z
CLAVO;CLAVO FOOD FACTORY;CLAVO FOOD FACTORY, S.A.|CLAVO FOOD|CLAVO;;OTROS;ES;21;mensual;13;2026-08-20T11:45:26.162Z;2026-08-20T11:45:26.162Z
