cliente;tipo;pct;desde;hasta;id;createdAt;updatedAt
;FORESA-BRESFOR;0.1838;2026-04-20;2026-04-26;1;2026-08-07T07:41:24.632Z;2026-08-07T07:41:24.632Z
;FORESA-BRESFOR;0.1838;2026-04-27;2026-04-31;2;2026-08-07T07:41:24.632Z;2026-08-20T09:33:09.340Z
;FORESA-BRESFOR;0.1717;2026-05-01;2026-05-10;3;2026-08-07T07:41:24.632Z;2026-08-07T07:41:24.632Z
;FORESA-BRESFOR;0.1717;2026-05-11;2026-05-15;4;2026-08-07T07:41:24.632Z;2026-08-07T07:41:24.632Z
;FORESA-BRESFOR;0.1584;2026-05-18;2026-05-24;5;2026-08-07T07:41:24.632Z;2026-08-07T07:41:24.632Z
;FORESA-BRESFOR;0.1584;2026-05-25;2026-05-31;6;2026-08-07T07:41:24.632Z;2026-08-07T07:41:24.632Z
;FORESA-BRESFOR;0.1452;2026-06-01;2026-06-06;7;2026-08-07T07:41:24.632Z;2026-08-20T09:31:46.447Z
;FORESA-BRESFOR;0.1452;2026-06-07;2026-06-14;8;2026-08-07T07:41:24.632Z;2026-08-20T09:31:38.098Z
;FORESA-BRESFOR;0.1279;2026-06-15;2026-06-21;9;2026-08-07T07:41:24.632Z;2026-08-07T07:41:24.632Z
;FORESA-BRESFOR;0.1279;2026-06-22;2026-06-28;10;2026-08-07T07:41:24.632Z;2026-08-07T07:41:24.632Z
;FORESA-BRESFOR;0.1279;2026-06-29;2026-06-30;11;2026-08-07T07:41:24.632Z;2026-08-07T07:41:24.632Z
;FORESA-BRESFOR;0.1064;2026-07-01;2026-07-15;12;2026-08-07T07:41:24.632Z;2026-08-07T07:41:24.632Z
;FORESA-BRESFOR;0.0665;2026-07-16;2026-07-31;13;2026-08-07T07:41:24.632Z;2026-08-07T07:41:24.632Z
;FORESA-BRESFOR;0.0918;2026-08-01;2026-08-15;14;2026-08-07T07:41:24.632Z;2026-08-07T07:41:24.632Z
;HELM;0.0986;2026-04-20;2026-04-26;15;2026-08-07T07:41:24.632Z;2026-08-07T07:41:24.632Z
;HELM;0.0802;2026-04-27;2026-05-01;16;2026-08-07T07:41:24.632Z;2026-08-07T07:41:24.632Z
;HELM;0.1385;2026-05-01;2026-05-10;17;2026-08-07T07:41:24.632Z;2026-08-07T07:41:24.632Z
;HELM;0.1409;2026-05-11;2026-05-15;18;2026-08-07T07:41:24.632Z;2026-08-07T07:41:24.632Z
;HELM;0.1356;2026-05-18;2026-05-24;19;2026-08-07T07:41:24.632Z;2026-08-07T07:41:24.632Z
;HELM;0.1254;2026-05-25;2026-05-31;20;2026-08-07T07:41:24.632Z;2026-08-07T07:41:24.632Z
;HELM;0.1256;2026-06-01;2026-06-07;21;2026-08-07T07:41:24.632Z;2026-08-07T07:41:24.632Z
;HELM;0.1141;2026-06-07;2026-06-15;22;2026-08-07T07:41:24.632Z;2026-08-07T07:41:24.632Z
;HELM;0.1036;2026-06-15;2026-06-21;23;2026-08-07T07:41:24.632Z;2026-08-07T07:41:24.632Z
;HELM;0.0965;2026-06-22;2026-06-28;24;2026-08-07T07:41:24.632Z;2026-08-07T07:41:24.632Z
;HELM;0.0796;2026-06-29;2026-07-05;25;2026-08-07T07:41:24.632Z;2026-08-07T07:41:24.632Z
;HELM;0.0687;2026-07-06;2026-07-12;26;2026-08-07T07:41:24.632Z;2026-08-07T07:41:24.632Z
;HELM;0.0412;2026-07-13;2026-07-19;27;2026-08-07T07:41:24.632Z;2026-08-07T07:41:24.632Z
;HELM;0.039;2026-07-20;2026-07-26;28;2026-08-07T07:41:24.632Z;2026-08-07T07:41:24.632Z
;HELM;0.0598;2026-07-27;2026-07-31;29;2026-08-07T07:41:24.632Z;2026-08-07T07:41:24.632Z
;HELM;0.0571;2026-08-01;2026-08-31;30;2026-08-07T07:41:24.632Z;2026-08-07T07:41:24.632Z
;QUIMIDROGA;0.1848;2026-05-01;2026-05-10;31;2026-08-07T07:41:24.632Z;2026-08-07T07:41:24.632Z
;QUIMIDROGA;0.1848;2026-05-11;2026-05-15;32;2026-08-07T07:41:24.632Z;2026-08-07T07:41:24.632Z
;QUIMIDROGA;0.1848;2026-05-18;2026-05-24;33;2026-08-07T07:41:24.632Z;2026-08-07T07:41:24.632Z
;QUIMIDROGA;0.1848;2026-05-25;2026-05-31;34;2026-08-07T07:41:24.632Z;2026-08-07T07:41:24.632Z
;QUIMIDROGA;0.1517;2026-06-01;2026-06-07;35;2026-08-07T07:41:24.632Z;2026-08-07T07:41:24.632Z
;QUIMIDROGA;0.1517;2026-06-07;2026-06-15;36;2026-08-07T07:41:24.632Z;2026-08-07T07:41:24.632Z
;QUIMIDROGA;0.1517;2026-06-15;2026-06-21;37;2026-08-07T07:41:24.632Z;2026-08-07T07:41:24.632Z
;QUIMIDROGA;0.1517;2026-06-22;2026-06-28;38;2026-08-07T07:41:24.632Z;2026-08-07T07:41:24.632Z
;QUIMIDROGA;0.1517;2026-06-29;2026-06-30;39;2026-08-07T07:41:24.632Z;2026-08-07T07:41:24.632Z
;QUIMIDROGA;0.1171;2026-07-01;2026-07-31;40;2026-08-07T07:41:24.632Z;2026-08-07T07:41:24.632Z
;QUIMIDROGA;0.0766;2026-08-01;2026-08-15;41;2026-08-07T07:41:24.632Z;2026-08-07T07:41:24.632Z
;OTROS;0.1848;2026-05-01;2026-05-10;42;2026-08-07T07:41:24.632Z;2026-08-07T07:41:24.632Z
;OTROS;0.1848;2026-05-11;2026-05-15;43;2026-08-07T07:41:24.632Z;2026-08-07T07:41:24.632Z
;OTROS;0.1848;2026-05-18;2026-05-24;44;2026-08-07T07:41:24.632Z;2026-08-07T07:41:24.632Z
;OTROS;0.1848;2026-05-25;2026-05-31;45;2026-08-07T07:41:24.632Z;2026-08-07T07:41:24.632Z
;OTROS;0.15;2026-06-01;2026-06-07;46;2026-08-07T07:41:24.632Z;2026-08-07T07:41:24.632Z
;OTROS;0.15;2026-06-07;2026-06-15;47;2026-08-07T07:41:24.632Z;2026-08-07T07:41:24.632Z
;OTROS;0.15;2026-06-15;2026-06-21;48;2026-08-07T07:41:24.632Z;2026-08-07T07:41:24.632Z
;OTROS;0.15;2026-06-22;2026-06-28;49;2026-08-07T07:41:24.632Z;2026-08-07T07:41:24.632Z
;OTROS;0.15;2026-06-29;2026-06-30;50;2026-08-07T07:41:24.632Z;2026-08-07T07:41:24.632Z
;OTROS;0.08;2026-07-01;2026-07-15;51;2026-08-07T07:41:24.632Z;2026-08-07T07:41:24.632Z
;OTROS;0.08;2026-07-16;2026-07-31;52;2026-08-07T07:41:24.632Z;2026-08-07T07:41:24.632Z
;OTROS;0.0766;2026-08-01;2026-08-31;53;2026-08-07T07:41:24.632Z;2026-08-07T07:41:24.632Z
