id_punto;nombre_canonico;alias;municipio;provincia;pais;tipo;empresa_sede;origen_alta;id;createdAt;updatedAt
1;CALDAS DE REIS;;;;;generico;;gesruta-usado;1;2026-08-19T11:04:53.251Z;2026-08-19T11:04:53.251Z
2;VILLAGARCIA;;;;;generico;;gesruta-usado;2;2026-08-19T11:04:53.251Z;2026-08-19T11:04:53.251Z
9713;ALJUSTREL (PT);;;;;generico;;gesruta;3;2026-08-19T11:04:53.251Z;2026-08-19T11:04:53.251Z
9714;ALMODOVAR (PT);;;;;generico;;gesruta;4;2026-08-19T11:04:53.251Z;2026-08-19T11:04:53.251Z
9725;SOLOGAS (AS SOMOZAS);;;;;generico;;gesruta-usado;5;2026-08-19T11:04:53.251Z;2026-08-19T11:04:53.251Z
9728;ALPIARÇA;;;;;generico;;gesruta;6;2026-08-19T11:04:53.251Z;2026-08-19T11:04:53.251Z
9732;ARAIA;;;;;generico;;gesruta;7;2026-08-19T11:04:53.251Z;2026-08-19T11:04:53.251Z
OR;OREMBER;;;;;generico;;gesruta-usado;8;2026-08-19T11:04:53.251Z;2026-08-19T11:04:53.251Z
AVEIR;AVEIRO;PUERTO DE AVEIRO|AVEIRO (PT);;;PT;puerto;;gesruta-usado;9;2026-08-19T11:04:53.251Z;2026-08-19T11:04:53.251Z
UTI;UTISA TERUEL;;;;;generico;;gesruta-usado;10;2026-08-19T11:04:53.251Z;2026-08-19T11:04:53.251Z
TORD;TORDESILLAS;;;;;generico;;gesruta-usado;11;2026-08-19T11:04:53.251Z;2026-08-19T11:04:53.251Z
B;BARCELONA;;;;;generico;;gesruta-usado;12;2026-08-19T11:04:53.251Z;2026-08-19T11:04:53.251Z
T;TARRAGONA;;;;;generico;;gesruta-usado;13;2026-08-19T11:04:53.251Z;2026-08-19T11:04:53.251Z
IP;IP DECOR SPAIN, SAU;;;;;generico;;gesruta-usado;14;2026-08-19T11:04:53.251Z;2026-08-19T11:04:53.251Z
M;MADRID;;;;;generico;;gesruta-usado;15;2026-08-19T11:04:53.251Z;2026-08-19T11:04:53.251Z
GETAF;GETAFE;;;;;generico;;gesruta-usado;16;2026-08-19T11:04:53.251Z;2026-08-19T11:04:53.251Z
VALD;VALDEMORO;;;;;generico;;gesruta-usado;17;2026-08-19T11:04:53.251Z;2026-08-19T11:04:53.251Z
MIR;MIRANDA DE EBRO;;;;;generico;;gesruta-usado;18;2026-08-19T11:04:53.251Z;2026-08-19T11:04:53.251Z
ORE;ORENSE;;;;;generico;;gesruta-usado;19;2026-08-19T11:04:53.251Z;2026-08-19T11:04:53.251Z
TERMO;TERMOLAN, S.A.;;;;;generico;;gesruta-usado;20;2026-08-19T11:04:53.251Z;2026-08-19T11:04:53.251Z
H;HUELVA;;;;;generico;;gesruta-usado;21;2026-08-19T11:04:53.251Z;2026-08-19T11:04:53.251Z
LEIRI;LEIRIA (PT);;;;;generico;;gesruta-usado;22;2026-08-19T11:04:53.251Z;2026-08-19T11:04:53.251Z
CURIA;CURIA SPAIN, SAU;;;;;generico;;gesruta-usado;23;2026-08-19T11:04:53.251Z;2026-08-19T11:04:53.251Z
URSA;URSA IBERICA, S.A.;;;;;generico;;gesruta-usado;24;2026-08-19T11:04:53.251Z;2026-08-19T11:04:53.251Z
BRAGA;BRAGA (PT);;;;;generico;;gesruta-usado;25;2026-08-19T11:04:53.251Z;2026-08-19T11:04:53.251Z
PORRI;PORRIÑO;;;;;generico;;gesruta-usado;26;2026-08-19T11:04:53.251Z;2026-08-19T11:04:53.251Z
HARIN;HARINAS ALMELA,SC;;;;;generico;;gesruta-usado;27;2026-08-19T11:04:53.251Z;2026-08-19T11:04:53.251Z
VIGO;VIGO;;;;;generico;;gesruta-usado;28;2026-08-19T11:04:53.251Z;2026-08-19T11:04:53.251Z
NEFAB;NEFAB PONTEV. SL;;;;;generico;;gesruta-usado;29;2026-08-19T11:04:53.251Z;2026-08-19T11:04:53.251Z
FAMAL;VILANOVA FAMALICAO;;;;;generico;;gesruta-usado;30;2026-08-19T11:04:53.251Z;2026-08-19T11:04:53.251Z
PO;PONTEVEDRA;;;;;generico;;gesruta-usado;31;2026-08-19T11:04:53.251Z;2026-08-19T11:04:53.251Z
CURTI;CURTIS;;;;;generico;;gesruta-usado;32;2026-08-19T11:04:53.251Z;2026-08-19T11:04:53.251Z
COGER;COGERSA;;;;;generico;;gesruta-usado;33;2026-08-19T11:04:53.251Z;2026-08-19T11:04:53.251Z
REIN;REINOSA;;;;;generico;;gesruta-usado;34;2026-08-19T11:04:53.251Z;2026-08-19T11:04:53.251Z
BU;BURGOS;;;;;generico;;gesruta-usado;35;2026-08-19T11:04:53.251Z;2026-08-19T11:04:53.251Z
SANTA;SANTAREM;;;;;generico;;gesruta-usado;36;2026-08-19T11:04:53.251Z;2026-08-19T11:04:53.251Z
ALCAL;ALCALA HENARES;;;;;generico;;gesruta-usado;37;2026-08-19T11:04:53.251Z;2026-08-19T11:04:53.251Z
TO;TOLEDO;;;;;generico;;gesruta-usado;38;2026-08-19T11:04:53.251Z;2026-08-19T11:04:53.251Z
SE;SEVILLA;;;;;generico;;gesruta-usado;39;2026-08-19T11:04:53.251Z;2026-08-19T11:04:53.251Z
AZUQU;AZUQUECA DE HENARES;;;;;generico;;gesruta-usado;40;2026-08-19T11:04:53.251Z;2026-08-19T11:04:53.251Z
ESTAR;ESTARREJA;;;;;generico;;gesruta-usado;41;2026-08-19T11:04:53.251Z;2026-08-19T11:04:53.251Z
KRONO;KRONOSPAN, S.L.;;;;;generico;;gesruta-usado;42;2026-08-19T11:04:53.251Z;2026-08-19T11:04:53.251Z
DROGA;DROGAS VIGO, S.L.;;;;;generico;;gesruta-usado;43;2026-08-19T11:04:53.251Z;2026-08-19T11:04:53.251Z
AVILE;AVILES;;;;;generico;;gesruta-usado;44;2026-08-19T11:04:53.251Z;2026-08-19T11:04:53.251Z
MEMMA;MEM MARTINS (PT);;;;;generico;;gesruta-usado;45;2026-08-19T11:04:53.251Z;2026-08-19T11:04:53.251Z
QUER;QUER;;;;;generico;;gesruta-usado;46;2026-08-19T11:04:53.251Z;2026-08-19T11:04:53.251Z
COIMB;COIMBRA;;;;;generico;;gesruta-usado;47;2026-08-19T11:04:53.251Z;2026-08-19T11:04:53.251Z
RUBI;RUBI;;;;;generico;;gesruta-usado;48;2026-08-19T11:04:53.251Z;2026-08-19T11:04:53.251Z
SILLE;SILLEDA;;;;;generico;;gesruta-usado;49;2026-08-19T11:04:53.251Z;2026-08-19T11:04:53.251Z
JOAO;S.JOAO MADEIRA;;;;;generico;;gesruta-usado;50;2026-08-19T11:04:53.251Z;2026-08-19T11:04:53.251Z
MIND;MINDELO;;;;;generico;;gesruta-usado;51;2026-08-19T11:04:53.251Z;2026-08-19T11:04:53.251Z
OVAR;OVAR;;;;;generico;;gesruta-usado;52;2026-08-19T11:04:53.251Z;2026-08-19T11:04:53.251Z
SALVA;SALVATIERRA;;;;;generico;;gesruta-usado;53;2026-08-19T11:04:53.251Z;2026-08-19T11:04:53.251Z
TABLE;TABLESTUY, S.L.;;;;;generico;;gesruta-usado;54;2026-08-19T11:04:53.251Z;2026-08-19T11:04:53.251Z
ALCO;ALCOVER QUIMINA, S.L.;;;;;generico;;gesruta-usado;55;2026-08-19T11:08:17.950Z;2026-08-19T11:08:17.950Z
ZIERB;ZIERBANA;;;;;generico;;gesruta-usado;56;2026-08-19T11:08:17.950Z;2026-08-19T11:08:17.950Z
MEJOR;MEJORADA;;;;;generico;;gesruta-usado;57;2026-08-19T11:08:17.950Z;2026-08-19T11:08:17.950Z
LE;LEON;;;;;generico;;gesruta-usado;58;2026-08-19T11:08:17.950Z;2026-08-19T11:08:17.950Z
MAIA;MAIA;;;;;generico;;gesruta-usado;59;2026-08-19T11:08:17.950Z;2026-08-19T11:08:17.950Z
SERVY;SERVYECO IBERIA,SL;;;;;generico;;gesruta-usado;60;2026-08-19T11:08:17.950Z;2026-08-19T11:08:17.950Z
ZUERA;ZUERA;;;;;generico;;gesruta-usado;61;2026-08-19T11:08:17.950Z;2026-08-19T11:08:17.950Z
BI;BILBAO;;;;;generico;;gesruta-usado;62;2026-08-19T11:08:17.950Z;2026-08-19T11:08:17.950Z
SETUB;SETUBAL;;;;;generico;;gesruta-usado;63;2026-08-19T11:08:17.950Z;2026-08-19T11:08:17.950Z
SANTI;SANTIAGO;;;;;generico;;gesruta-usado;64;2026-08-19T11:08:17.950Z;2026-08-19T11:08:17.950Z
C;CORUÑA;;;;;generico;;gesruta-usado;65;2026-08-19T11:08:17.950Z;2026-08-19T11:08:17.950Z
OPORT;O PORTO;;;;;generico;;gesruta-usado;66;2026-08-19T11:08:17.950Z;2026-08-19T11:08:17.950Z
GU;GUADALAJARA;;;;;generico;;gesruta-usado;67;2026-08-19T11:08:17.950Z;2026-08-19T11:08:17.950Z
TORTO;TORTOSA;;;;;generico;;gesruta-usado;68;2026-08-19T11:08:17.950Z;2026-08-19T11:08:17.950Z
GUIM;GUIMARAES;;;;;generico;;gesruta-usado;69;2026-08-19T11:08:17.950Z;2026-08-19T11:08:17.950Z
BA;BADAJOZ;;;;;generico;;gesruta-usado;70;2026-08-19T11:08:17.950Z;2026-08-19T11:08:17.950Z
VA;VALLADOLID;;;;;generico;;gesruta-usado;71;2026-08-19T11:08:17.950Z;2026-08-19T11:08:17.950Z
VIL;VILLALBA;;;;;generico;;gesruta-usado;72;2026-08-19T11:08:17.950Z;2026-08-19T11:08:17.950Z
CLARI;CLARIANT, S.A.;;;;;generico;;gesruta-usado;73;2026-08-19T11:08:17.950Z;2026-08-19T11:08:17.950Z
TEIXE;TEIXEIRO;;;;;generico;;gesruta-usado;74;2026-08-19T11:08:17.950Z;2026-08-19T11:08:17.950Z
NAVIA;NAVIA;;;;;generico;;gesruta-usado;75;2026-08-19T11:08:17.950Z;2026-08-19T11:08:17.950Z
SOBRA;SOBRALINHO(PT);;;;;generico;;gesruta-usado;76;2026-08-19T11:08:17.950Z;2026-08-19T11:08:17.950Z
CANOV;CANOVELLES;;;;;generico;;gesruta-usado;77;2026-08-19T11:08:17.950Z;2026-08-19T11:08:17.950Z
P;PALENCIA;;;;;generico;;gesruta-usado;78;2026-08-19T11:08:17.950Z;2026-08-19T11:08:17.950Z
AMORE;AMOREBIETA;;;;;generico;;gesruta-usado;79;2026-08-19T11:08:17.950Z;2026-08-19T11:08:17.950Z
AZAMB;AZAMBUJA(PT);;;;;generico;;gesruta-usado;80;2026-08-19T11:08:17.950Z;2026-08-19T11:08:17.950Z
GUAR;GUARDA (PT);;;;;generico;;gesruta-usado;81;2026-08-19T11:08:17.950Z;2026-08-19T11:08:17.950Z
VILAR;VILARINHO(PT);;;;;generico;;gesruta-usado;82;2026-08-19T11:08:17.950Z;2026-08-19T11:08:17.950Z
LORCO;LORCOL;;;;;generico;;gesruta-usado;83;2026-08-19T11:08:17.950Z;2026-08-19T11:08:17.950Z
VIC;VIC;;;;;generico;;gesruta-usado;84;2026-08-19T11:08:17.950Z;2026-08-19T11:08:17.950Z
ZNDS;ZNDS TABLEROS, S.L.;;;;;generico;;gesruta-usado;85;2026-08-19T11:08:17.950Z;2026-08-19T11:08:17.950Z
ZAMUD;ZAMUDIO;;;;;generico;;gesruta-usado;86;2026-08-19T11:08:17.950Z;2026-08-19T11:08:17.950Z
LISBO;LISBOA;;;;;generico;;gesruta-usado;87;2026-08-19T11:08:17.950Z;2026-08-19T11:08:17.950Z
MUGAR;MUGARDOS;;;;;generico;;gesruta-usado;88;2026-08-19T11:08:17.950Z;2026-08-19T11:08:17.950Z
CA;CADIZ;;;;;generico;;gesruta-usado;89;2026-08-19T11:08:17.950Z;2026-08-19T11:08:17.950Z
GODO;COMERCIAL GODO, S.L.;;;;;generico;;gesruta-usado;90;2026-08-19T11:08:17.950Z;2026-08-19T11:08:17.950Z
PONT;PONTEDEUME;;;;;generico;;gesruta-usado;91;2026-08-19T11:08:17.950Z;2026-08-19T11:08:17.950Z
CASTA;CASTANHEIRA RIBATEJO(PT);;;;;generico;;gesruta-usado;92;2026-08-19T11:08:17.950Z;2026-08-19T11:08:17.950Z
DROG;DROGAS CONDE, S.A.;;;;;generico;;gesruta-usado;93;2026-08-19T11:08:17.950Z;2026-08-19T11:08:17.950Z
PORT;PORTALEGRE;;;;;generico;;gesruta-usado;94;2026-08-19T11:08:17.950Z;2026-08-19T11:08:17.950Z
SARIE;SARIEGO;;;;;generico;;gesruta-usado;95;2026-08-19T11:08:17.950Z;2026-08-19T11:08:17.950Z
LOUSA;LOUSADA;;;;;generico;;gesruta-usado;96;2026-08-19T11:08:17.950Z;2026-08-19T11:08:17.950Z
INDCU;IND.QUIM.CUADRADO,SA;;;;;generico;;gesruta-usado;97;2026-08-19T11:08:17.950Z;2026-08-19T11:08:17.950Z
RABAD;RABADE;;;;;generico;;gesruta-usado;98;2026-08-19T11:08:17.950Z;2026-08-19T11:08:17.950Z
ARRIG;ARRIGORRIAGA;;;;;generico;;gesruta-usado;99;2026-08-19T11:08:17.950Z;2026-08-19T11:08:17.950Z
GUARN;GUARNIZO;;;;;generico;;gesruta-usado;100;2026-08-19T11:08:17.950Z;2026-08-19T11:08:17.950Z
CABAN;CABANILLAS DEL CAMPO;;;;;generico;;gesruta-usado;101;2026-08-19T11:08:17.950Z;2026-08-19T11:08:17.950Z
BARRE;BARREIRO(PT);;;;;generico;;gesruta-usado;102;2026-08-19T11:08:17.950Z;2026-08-19T11:08:17.950Z
BAION;BAION;;;;;generico;;gesruta-usado;103;2026-08-19T11:08:17.950Z;2026-08-19T11:08:17.950Z
LLOD;MADERAS DE LLODIO,SA;;;;;generico;;gesruta-usado;104;2026-08-19T11:08:17.950Z;2026-08-19T11:08:17.950Z
HELDE;HELDER ROB.MOREIRA;;;;;generico;;gesruta-usado;105;2026-08-19T11:08:17.950Z;2026-08-19T11:08:17.950Z
LANTE;LANTEMIL (PT);;;;;generico;;gesruta-usado;106;2026-08-19T11:08:17.950Z;2026-08-19T11:08:17.950Z
CATEN;CATENVA, S.L.;;;;;generico;;gesruta-usado;107;2026-08-19T11:08:17.950Z;2026-08-19T11:08:17.950Z
GIMPE;ADHESIVOS GIMPEX, S.L;;;;;generico;;gesruta-usado;108;2026-08-19T11:08:17.950Z;2026-08-19T11:08:17.950Z
ALFEN;ALFENA(PT);;;;;generico;;gesruta-usado;109;2026-08-19T11:09:05.955Z;2026-08-19T11:09:05.955Z
BEGON;BEGONTE;;;;;generico;;gesruta-usado;110;2026-08-19T11:09:05.955Z;2026-08-19T11:09:05.955Z
ERMES;ERMESINDE(PT);;;;;generico;;gesruta-usado;111;2026-08-19T11:09:05.955Z;2026-08-19T11:09:05.955Z
SANFI;SANFINS (PT);;;;;generico;;gesruta-usado;112;2026-08-19T11:09:05.955Z;2026-08-19T11:09:05.955Z
VALAD;VALADARES(PT);;;;;generico;;gesruta-usado;113;2026-08-19T11:09:05.955Z;2026-08-19T11:09:05.955Z
TABUA;TABUA (PT);;;;;generico;;gesruta-usado;114;2026-08-19T11:09:05.955Z;2026-08-19T11:09:05.955Z
ARCHE;ARCHELA CONTRACHAPADOS,SL;;;;;generico;;gesruta-usado;115;2026-08-19T11:09:05.955Z;2026-08-19T11:09:05.955Z
PADRO;PADRON;;;;;generico;;gesruta-usado;116;2026-08-19T11:09:05.955Z;2026-08-19T11:09:05.955Z
BER;BERANTEVILLA;;;;;generico;;gesruta-usado;117;2026-08-19T11:09:05.955Z;2026-08-19T11:09:05.955Z
CHIVA;CHIVA;;;;;generico;;gesruta-usado;118;2026-08-19T11:09:05.955Z;2026-08-19T11:09:05.955Z
ALCOB;ALCOBENDAS;;;;;generico;;gesruta-usado;119;2026-08-19T11:09:05.955Z;2026-08-19T11:09:05.955Z
PATER;PATERNA;;;;;generico;;gesruta-usado;120;2026-08-19T11:09:05.955Z;2026-08-19T11:09:05.955Z
TUDEL;TUDELA;;;;;generico;;gesruta-usado;121;2026-08-19T11:09:05.955Z;2026-08-19T11:09:05.955Z
V;VALENCIA;;;;;generico;;gesruta-usado;122;2026-08-19T11:09:05.955Z;2026-08-19T11:09:05.955Z
LLIRI;LLIRIA;;;;;generico;;gesruta-usado;123;2026-08-19T11:09:05.955Z;2026-08-19T11:09:05.955Z
VI;VITORIA;;;;;generico;;gesruta-usado;124;2026-08-19T11:09:05.955Z;2026-08-19T11:09:05.955Z
ARTEI;ARTEIXO;;;;;generico;;gesruta-usado;125;2026-08-19T11:09:05.955Z;2026-08-19T11:09:05.955Z
TUERT;VILLATUERTA;;;;;generico;;gesruta-usado;126;2026-08-19T11:09:05.955Z;2026-08-19T11:09:05.955Z
CO;CORDOBA;;;;;generico;;gesruta-usado;127;2026-08-19T11:09:05.955Z;2026-08-19T11:09:05.955Z
LUSO;LUSO FINSA;;;;;generico;;gesruta-usado;128;2026-08-19T11:09:05.955Z;2026-08-19T11:09:05.955Z
ALCAN;ALCANENA(PT);;;;;generico;;gesruta-usado;129;2026-08-19T11:09:05.955Z;2026-08-19T11:09:05.955Z
CARRE;CARREGADO;;;;;generico;;gesruta-usado;130;2026-08-19T11:09:05.955Z;2026-08-19T11:09:05.955Z
VALGA;VALGA;;;;;generico;;gesruta-usado;131;2026-08-19T11:09:05.955Z;2026-08-19T11:09:05.955Z
FRAD;OLIVEIRA FRADES(PT);;;;;generico;;gesruta-usado;132;2026-08-19T11:09:05.955Z;2026-08-19T11:09:05.955Z
TABOA;TABOADA (LU);;;;;generico;;gesruta-usado;133;2026-08-19T11:09:05.955Z;2026-08-19T11:09:05.955Z
SELEN;SELENA IBERIA, SLU;;;;;generico;;gesruta-usado;134;2026-08-19T11:09:05.955Z;2026-08-19T11:09:05.955Z
SEIXO;SEIXO DE MIRA(PT);;;;;generico;;gesruta-usado;135;2026-08-19T11:09:05.955Z;2026-08-19T11:09:05.955Z
MOFOR;MONFORTE LEMOS;;;;;generico;;gesruta-usado;136;2026-08-19T11:09:05.955Z;2026-08-19T11:09:05.955Z
REKAR;REKAR IBERICA, S.A.;;;;;generico;;gesruta-usado;137;2026-08-19T11:09:05.955Z;2026-08-19T11:09:05.955Z
ALMEI;ALMEIRIN (PT);;;;;generico;;gesruta-usado;138;2026-08-19T11:09:05.955Z;2026-08-19T11:09:05.955Z
ARNED;ARNEDO;;;;;generico;;gesruta-usado;139;2026-08-19T11:09:05.955Z;2026-08-19T11:09:05.955Z
LU;LUGO;;;;;generico;;gesruta-usado;140;2026-08-19T11:09:05.955Z;2026-08-19T11:09:05.955Z
CALAH;CALAHORRA;;;;;generico;;gesruta-usado;141;2026-08-19T11:09:05.955Z;2026-08-19T11:09:05.955Z
TORRE;TORRES NOVAS;;;;;generico;;gesruta-usado;142;2026-08-19T11:09:05.955Z;2026-08-19T11:09:05.955Z
CUNTI;CUNTIS;;;;;generico;;gesruta-usado;143;2026-08-19T11:09:05.955Z;2026-08-19T11:09:05.955Z
CONTR;CONTRACHAPADOS INDUSTRIALES, S.L.;;;;;generico;;gesruta-usado;144;2026-08-19T11:09:05.955Z;2026-08-19T11:09:05.955Z
ZA;ZAMORA;;;;;generico;;gesruta-usado;145;2026-08-19T11:09:05.955Z;2026-08-19T11:09:05.955Z
GARNI;GARNICA PLYWOOD;;;;;generico;;gesruta-usado;146;2026-08-19T11:09:05.955Z;2026-08-19T11:09:05.955Z
BISBA;CASTELLBISBAL;;;;;generico;;gesruta-usado;147;2026-08-19T11:09:05.955Z;2026-08-19T11:09:05.955Z
BASAU;BASAURI;;;;;generico;;gesruta-usado;148;2026-08-19T11:09:05.955Z;2026-08-19T11:09:05.955Z
BARBA;BARBASTRO;;;;;generico;;gesruta-usado;149;2026-08-19T11:09:05.955Z;2026-08-19T11:09:05.955Z
PIEVE;PIEVE FISSIRAGA(IT);;;;;generico;;gesruta-usado;150;2026-08-19T11:09:05.955Z;2026-08-19T11:09:05.955Z
ALVER;ALVERCA;;;;;generico;;gesruta-usado;151;2026-08-19T11:09:05.955Z;2026-08-19T11:09:05.955Z
RENT;RENTERIA;;;;;generico;;gesruta-usado;152;2026-08-19T11:09:05.955Z;2026-08-19T11:09:05.955Z
LAVER;LAVERA;;;;;generico;;gesruta-usado;153;2026-08-19T11:09:05.955Z;2026-08-19T11:09:05.955Z
CONST;CONSTANCIA(PT);;;;;generico;;gesruta-usado;154;2026-08-19T11:09:05.955Z;2026-08-19T11:09:05.955Z
MERID;MERIDA;;;;;generico;;gesruta-usado;155;2026-08-19T11:09:05.955Z;2026-08-19T11:09:05.955Z
IRIA;STA.IRIA AZOIA(PT);;;;;generico;;gesruta-usado;156;2026-08-19T11:09:05.955Z;2026-08-19T11:09:05.955Z
MANGU;MANGUALDE(PT);;;;;generico;;gesruta-usado;157;2026-08-19T11:09:05.955Z;2026-08-19T11:09:05.955Z
LAVRA;LAVRADIO (PT);;;;;generico;;gesruta-usado;158;2026-08-19T11:09:05.955Z;2026-08-19T11:09:05.955Z
OROZK;OROZKO;;;;;generico;;gesruta-usado;159;2026-08-19T11:09:05.955Z;2026-08-19T11:09:05.955Z
GUALB;GUALBA;;;;;generico;;gesruta-usado;160;2026-08-19T11:09:05.955Z;2026-08-19T11:09:05.955Z
VILAN;VILANOVA AROUSA;;;;;generico;;gesruta-usado;161;2026-08-19T11:09:05.955Z;2026-08-19T11:09:05.955Z
LANTA;LANTARON;;;;;generico;;gesruta-usado;162;2026-08-19T11:09:05.955Z;2026-08-19T11:09:05.955Z
TOR;TORRELAVEGA;;;;;generico;;gesruta-usado;163;2026-08-19T11:09:56.144Z;2026-08-19T11:09:56.144Z
BAKEL;BAKELITE IBERICA, SAU;;;;;generico;;gesruta-usado;164;2026-08-19T11:09:56.144Z;2026-08-19T11:09:56.144Z
MOSTO;MOSTOLES;;;;;generico;;gesruta-usado;165;2026-08-19T11:09:56.144Z;2026-08-19T11:09:56.144Z
TUI;TUI;;;;;generico;;gesruta-usado;166;2026-08-19T11:09:56.144Z;2026-08-19T11:09:56.144Z
PARED;PAREDES (PT);;;;;generico;;gesruta-usado;167;2026-08-19T11:09:56.144Z;2026-08-19T11:09:56.144Z
HU;HUESCA;;;;;generico;;gesruta-usado;168;2026-08-19T11:09:56.144Z;2026-08-19T11:09:56.144Z
VERIN;VERIN;;;;;generico;;gesruta-usado;169;2026-08-19T11:09:56.144Z;2026-08-19T11:09:56.144Z
SG;SEGOVIA;;;;;generico;;gesruta-usado;170;2026-08-19T11:09:56.144Z;2026-08-19T11:09:56.144Z
ONTIG;ONTIGOLA;;;;;generico;;gesruta-usado;171;2026-08-19T11:09:56.144Z;2026-08-19T11:09:56.144Z
MATOS;MATOSINHOS (PT);;;;;generico;;gesruta-usado;172;2026-08-19T11:09:56.144Z;2026-08-19T11:09:56.144Z
CERV;VILANOVA CERVEIRA(PT);;;;;generico;;gesruta-usado;173;2026-08-19T11:09:56.144Z;2026-08-19T11:09:56.144Z
GARFE;TABLEROS GARFER, S.A.;;;;;generico;;gesruta-usado;174;2026-08-19T11:09:56.144Z;2026-08-19T11:09:56.144Z
TARRA;TARRASA;;;;;generico;;gesruta-usado;175;2026-08-19T11:09:56.144Z;2026-08-19T11:09:56.144Z
IT;ITALIA;;;;;generico;;gesruta-usado;176;2026-08-19T11:09:56.144Z;2026-08-19T11:09:56.144Z
IGUAL;IGUALADA;;;;;generico;;gesruta-usado;177;2026-08-19T11:09:56.144Z;2026-08-19T11:09:56.144Z
LICEM;LICEMA,SA;;;;;generico;;gesruta-usado;178;2026-08-19T11:09:56.144Z;2026-08-19T11:09:56.144Z
NARON;NARON;;;;;generico;;gesruta-usado;179;2026-08-19T11:09:56.144Z;2026-08-19T11:09:56.144Z
PA;PAMPLONA;;;;;generico;;gesruta-usado;180;2026-08-19T11:09:56.144Z;2026-08-19T11:09:56.144Z
PAIO;PAIO PIRES (PT);;;;;generico;;gesruta-usado;181;2026-08-19T11:09:56.144Z;2026-08-19T11:09:56.144Z
ENCE;ENCE;;;;;generico;;gesruta-usado;182;2026-08-19T11:09:56.144Z;2026-08-19T11:09:56.144Z
ALCOV;ALCOVER;;;;;generico;;gesruta-usado;183;2026-08-19T11:09:56.144Z;2026-08-19T11:09:56.144Z
BET;BETANZOS;;;;;generico;;gesruta-usado;184;2026-08-19T11:09:56.144Z;2026-08-19T11:09:56.144Z
ADIEG;ADIEGO HERMANOS, S.A.;;;;;generico;;gesruta-usado;185;2026-08-19T11:09:56.144Z;2026-08-19T11:09:56.144Z
SESE;SESEÑA;;;;;generico;;gesruta-usado;186;2026-08-19T11:09:56.144Z;2026-08-19T11:09:56.144Z
SINDE;SINDE (PT);;;;;generico;;gesruta-usado;187;2026-08-19T11:09:56.144Z;2026-08-19T11:09:56.144Z
BRENT;BRENNTAG QUIMICA,SA;;;;;generico;;gesruta-usado;188;2026-08-19T11:09:56.144Z;2026-08-19T11:09:56.144Z
PAUL;ST.PAUL (FR);;;;;generico;;gesruta-usado;189;2026-08-19T11:09:56.144Z;2026-08-19T11:09:56.144Z
SA;SALAMANCA;;;;;generico;;gesruta-usado;190;2026-08-19T11:09:56.144Z;2026-08-19T11:09:56.144Z
MELID;MELIDE;;;;;generico;;gesruta-usado;191;2026-08-19T11:09:56.144Z;2026-08-19T11:09:56.144Z
PURIP;PURIPLAST IBERICA,SA;;;;;generico;;gesruta-usado;192;2026-08-19T11:09:56.144Z;2026-08-19T11:09:56.144Z
TACON;TACON DECOR, SL;;;;;generico;;gesruta-usado;193;2026-08-19T11:09:56.144Z;2026-08-19T11:09:56.144Z
CARBA;CARBALLO;;;;;generico;;gesruta-usado;194;2026-08-19T11:09:56.144Z;2026-08-19T11:09:56.144Z
EVORA;EVORA (PT);;;;;generico;;gesruta-usado;195;2026-08-19T11:09:56.144Z;2026-08-19T11:09:56.144Z
PINTO;PINTO;;;;;generico;;gesruta-usado;196;2026-08-19T11:09:56.144Z;2026-08-19T11:09:56.144Z
VENDA;VENDAS NOVAS(PT);;;;;generico;;gesruta-usado;197;2026-08-19T11:09:56.144Z;2026-08-19T11:09:56.144Z
O;OVIEDO;;;;;generico;;gesruta-usado;198;2026-08-19T11:09:56.144Z;2026-08-19T11:09:56.144Z
SIGUE;SIGUEIRO;;;;;generico;;gesruta-usado;199;2026-08-19T11:09:56.144Z;2026-08-19T11:09:56.144Z
SAMOR;SAMORACORREIA(PT);;;;;generico;;gesruta-usado;200;2026-08-19T11:09:56.144Z;2026-08-19T11:09:56.144Z
PONFE;PONFERRADA;;;;;generico;;gesruta-usado;201;2026-08-19T11:09:56.144Z;2026-08-19T11:09:56.144Z
CASAR;CASARRUBIOS;;;;;generico;;gesruta-usado;202;2026-08-19T11:09:56.144Z;2026-08-19T11:09:56.144Z
LLANE;LLANERA;;;;;generico;;gesruta-usado;203;2026-08-19T11:09:56.144Z;2026-08-19T11:09:56.144Z
RIO;RIO DE MOURO(PT);;;;;generico;;gesruta-usado;204;2026-08-19T11:09:56.144Z;2026-08-19T11:09:56.144Z
SONDI;SONDIKA;;;;;generico;;gesruta-usado;205;2026-08-19T11:09:56.144Z;2026-08-19T11:09:56.144Z
AZPEI;AZPEITIA;;;;;generico;;gesruta-usado;206;2026-08-19T11:09:56.144Z;2026-08-19T11:09:56.144Z
VIANA;VIANA DO CASTELO;;;;;generico;;gesruta-usado;207;2026-08-19T11:09:56.144Z;2026-08-19T11:09:56.144Z
BENIG;MADERAS BENIGANIM, SAL;;;;;generico;;gesruta-usado;208;2026-08-19T11:09:56.144Z;2026-08-19T11:09:56.144Z
IGORR;IGORRE;;;;;generico;;gesruta-usado;209;2026-08-19T11:09:56.144Z;2026-08-19T11:09:56.144Z
VOCAL;VOLCALIS-ISOLAM.MINERAIS,SA;;;;;generico;;gesruta-usado;210;2026-08-19T11:09:56.144Z;2026-08-19T11:09:56.144Z
RIB;RIBADUMIA;;;;;generico;;gesruta-usado;211;2026-08-19T11:09:56.144Z;2026-08-19T11:09:56.144Z
ARTIA;COLAS ARTIACH, SL;;;;;generico;;gesruta-usado;212;2026-08-19T11:09:56.144Z;2026-08-19T11:09:56.144Z
CANO;GALDACANO;;;;;generico;;gesruta-usado;213;2026-08-19T11:09:56.144Z;2026-08-19T11:09:56.144Z
LLODI;LLODIO;;;;;generico;;gesruta-usado;214;2026-08-19T11:09:56.144Z;2026-08-19T11:09:56.144Z
J;JAEN;;;;;generico;;gesruta-usado;215;2026-08-19T11:09:56.144Z;2026-08-19T11:09:56.144Z
LEZO;LEZO;;;;;generico;;gesruta-usado;216;2026-08-19T11:09:56.144Z;2026-08-19T11:09:56.144Z
POLAN;POLANCO;;;;;generico;;gesruta-usado;217;2026-08-19T11:10:45.541Z;2026-08-19T11:10:45.541Z
ESTRA;A ESTRADA;;;;;generico;;gesruta;218;2026-08-19T11:10:45.541Z;2026-08-19T11:10:45.541Z
ABRA;ABRANTES (PT);;;;;generico;;gesruta;219;2026-08-19T11:10:45.541Z;2026-08-19T11:10:45.541Z
ACOR;ACOR-BIODIESEL;;;;;generico;;gesruta;220;2026-08-19T11:10:45.541Z;2026-08-19T11:10:45.541Z
ACRIL;ACRILATOS, SAU;;;;;generico;;gesruta;221;2026-08-19T11:10:45.541Z;2026-08-19T11:10:45.541Z
AGREL;AGRELA SANTO TIRSO;;;;;generico;;gesruta;222;2026-08-19T11:10:45.541Z;2026-08-19T11:10:45.541Z
AGUED;AGUEDA;;;;;generico;;gesruta;223;2026-08-19T11:10:45.541Z;2026-08-19T11:10:45.541Z
CAMPO;AGUILAR CAMPO;;;;;generico;;gesruta;224;2026-08-19T11:10:45.541Z;2026-08-19T11:10:45.541Z
AGULL;AGULLENT;;;;;generico;;gesruta;225;2026-08-19T11:10:45.541Z;2026-08-19T11:10:45.541Z
AGURA;AGURAIN;;;;;generico;;gesruta;226;2026-08-19T11:10:45.541Z;2026-08-19T11:10:45.541Z
AHLST;AHLSTROM LABELPACK;;;;;generico;;gesruta;227;2026-08-19T11:10:45.541Z;2026-08-19T11:10:45.541Z
ALANQ;ALANQUE;;;;;generico;;gesruta;228;2026-08-19T11:10:45.541Z;2026-08-19T11:10:45.541Z
ALAVA;ALAVA;;;;;generico;;gesruta;229;2026-08-19T11:10:45.541Z;2026-08-19T11:10:45.541Z
AB;ALBACETE;;;ALBACETE;;generico;;gesruta;230;2026-08-19T11:10:45.541Z;2026-08-19T11:10:45.541Z
ALCAZ;ALCAZAR DE S. JUAN;;;;;generico;;gesruta;231;2026-08-19T11:10:45.541Z;2026-08-19T11:10:45.541Z
ALCAÑ;ALCAÑIZ;;;;;generico;;gesruta;232;2026-08-19T11:10:45.541Z;2026-08-19T11:10:45.541Z
ALDEA;ALDEAMAYOR;;;;;generico;;gesruta;233;2026-08-19T11:10:45.541Z;2026-08-19T11:10:45.541Z
ALEG;ALEGIA;;;;;generico;;gesruta;234;2026-08-19T11:10:45.541Z;2026-08-19T11:10:45.541Z
ALEMA;ALEMANIA;;;;;generico;;gesruta;235;2026-08-19T11:10:45.541Z;2026-08-19T11:10:45.541Z
ALENQ;ALENQUER;;;;;generico;;gesruta;236;2026-08-19T11:10:45.541Z;2026-08-19T11:10:45.541Z
ALFAR;ALFARO;;;;;generico;;gesruta;237;2026-08-19T11:10:45.541Z;2026-08-19T11:10:45.541Z
ALGEC;ALGECIRAS;;;;;generico;;gesruta;238;2026-08-19T11:10:45.541Z;2026-08-19T11:10:45.541Z
ALGRY;ALGRY QUYIMICA, S.L.;;;;;generico;;gesruta;239;2026-08-19T11:10:45.541Z;2026-08-19T11:10:45.541Z
A;ALICANTE;;;ALICANTE;;generico;;gesruta;240;2026-08-19T11:10:45.541Z;2026-08-19T11:10:45.541Z
ALLO;ALLO;;;NAVARRA;;generico;;gesruta;241;2026-08-19T11:10:45.541Z;2026-08-19T11:10:45.541Z
ALMA;ALMADA (PT);;;;;generico;;gesruta;242;2026-08-19T11:10:45.541Z;2026-08-19T11:10:45.541Z
ALMEN;ALMENDRALEJO;;;;;generico;;gesruta;243;2026-08-19T11:10:45.541Z;2026-08-19T11:10:45.541Z
AL;ALMERIA;;;ALMERÍA;;generico;;gesruta;244;2026-08-19T11:10:45.541Z;2026-08-19T11:10:45.541Z
ALMUS;ALMUSAFFES;;;;;generico;;gesruta;245;2026-08-19T11:10:45.541Z;2026-08-19T11:10:45.541Z
ALONS;ALONSOTEGUI;;;;;generico;;gesruta;246;2026-08-19T11:10:45.541Z;2026-08-19T11:10:45.541Z
ALOVE;ALOVERA;;;;;generico;;gesruta;247;2026-08-19T11:10:45.541Z;2026-08-19T11:10:45.541Z
ALTO;ALTORRICON (HU);;;;;generico;;gesruta;248;2026-08-19T11:10:45.541Z;2026-08-19T11:10:45.541Z
AMAD;AMADORA (PT);;;;;generico;;gesruta;249;2026-08-19T11:10:45.541Z;2026-08-19T11:10:45.541Z
AMBAR;AMBARES;;;;;generico;;gesruta;250;2026-08-19T11:10:45.541Z;2026-08-19T11:10:45.541Z
AMBER;AMBERES;;;;;generico;;gesruta;251;2026-08-19T11:10:45.541Z;2026-08-19T11:10:45.541Z
AMELI;AMELIE LES BAINS;;;;;generico;;gesruta;252;2026-08-19T11:10:45.541Z;2026-08-19T11:10:45.541Z
AMORI;AMORIN REVESTIMENTOS, SA;;;;;generico;;gesruta;253;2026-08-19T11:10:45.541Z;2026-08-19T11:10:45.541Z
AMPOS;AMPOSTA;;;;;generico;;gesruta;254;2026-08-19T11:10:45.541Z;2026-08-19T11:10:45.541Z
ANADI;ANADIA;;;;;generico;;gesruta;255;2026-08-19T11:10:45.541Z;2026-08-19T11:10:45.541Z
ANDO;ANDOAIN;;;;;generico;;gesruta;256;2026-08-19T11:10:45.541Z;2026-08-19T11:10:45.541Z
ANDOR;ANDORRA;;;;;generico;;gesruta;257;2026-08-19T11:10:45.541Z;2026-08-19T11:10:45.541Z
ANLEO;ANLEO;;;;;generico;;gesruta;258;2026-08-19T11:10:45.541Z;2026-08-19T11:10:45.541Z
ANLSE;ANLEO-SEVARES;;;;;generico;;gesruta;259;2026-08-19T11:10:45.541Z;2026-08-19T11:10:45.541Z
AQUAC;AQUACRIA AROUSA,SA;;;;;generico;;gesruta;260;2026-08-19T11:10:45.541Z;2026-08-19T11:10:45.541Z
ARAND;ARANDA DEL DUERO;;;;;generico;;gesruta;261;2026-08-19T11:10:45.541Z;2026-08-19T11:10:45.541Z
ARANG;ARANGUREN;;;;;generico;;gesruta;262;2026-08-19T11:10:45.541Z;2026-08-19T11:10:45.541Z
ARANJ;ARANJUEZ;;;;;generico;;gesruta;263;2026-08-19T11:10:45.541Z;2026-08-19T11:10:45.541Z
ARAYA;ARAYA;;;;;generico;;gesruta;264;2026-08-19T11:10:45.541Z;2026-08-19T11:10:45.541Z
ARAZU;ARAZURI;;;NAVARRA;;generico;;gesruta;265;2026-08-19T11:10:45.541Z;2026-08-19T11:10:45.541Z
ARGA;ARGANIL (PT);;;;;generico;;gesruta;266;2026-08-19T11:10:45.541Z;2026-08-19T11:10:45.541Z
ARRAN;ARRANCUDIAGA;;;;;generico;;gesruta;267;2026-08-19T11:10:45.541Z;2026-08-19T11:10:45.541Z
ARTAB;ARTABRA;;;;;generico;;gesruta;268;2026-08-19T11:10:45.541Z;2026-08-19T11:10:45.541Z
PONTE;AS PONTES;;;;;generico;;gesruta;269;2026-08-19T11:10:45.541Z;2026-08-19T11:10:45.541Z
SOMOZ;AS SOMOZAS;;;;;generico;;gesruta;270;2026-08-19T11:10:45.541Z;2026-08-19T11:10:45.541Z
ASTOR;ASTORGA;;;;;generico;;gesruta;271;2026-08-19T11:11:38.296Z;2026-08-19T11:11:38.296Z
ASTUR;ASTURIAS;;;;;generico;;gesruta;272;2026-08-19T11:11:38.296Z;2026-08-19T11:11:38.296Z
ASTLV;ASTURIAS-MARSELLA-PORRIÑO;;;;;generico;;gesruta;273;2026-08-19T11:11:38.296Z;2026-08-19T11:11:38.296Z
ASUA;ASUA;;;;;generico;;gesruta;274;2026-08-19T11:11:38.296Z;2026-08-19T11:11:38.296Z
AVANC;AVANCA (PT);;;;;generico;;gesruta;275;2026-08-19T11:11:38.296Z;2026-08-19T11:11:38.296Z
AV;AVILA;;;ÁVILA;;generico;;gesruta;276;2026-08-19T11:11:38.296Z;2026-08-19T11:11:38.296Z
AVINT;AVINTES;;;;;generico;;gesruta;277;2026-08-19T11:11:38.296Z;2026-08-19T11:11:38.296Z
AVIS;AVIS;;;;;generico;;gesruta;278;2026-08-19T11:11:38.296Z;2026-08-19T11:11:38.296Z
BADAL;BADALONA;;;;;generico;;gesruta;279;2026-08-19T11:11:38.296Z;2026-08-19T11:11:38.296Z
BADRI;BADRINAS, SAU;;;;;generico;;gesruta;280;2026-08-19T11:11:38.296Z;2026-08-19T11:11:38.296Z
BARAC;BARAKALDO;;;;;generico;;gesruta;281;2026-08-19T11:11:38.296Z;2026-08-19T11:11:38.296Z
BARBE;BARBERA DEL VALLES;;;;;generico;;gesruta;282;2026-08-19T11:11:38.296Z;2026-08-19T11:11:38.296Z
BASSE;BASSENS;;;;;generico;;gesruta;283;2026-08-19T11:11:38.296Z;2026-08-19T11:11:38.296Z
BASTA;BASTAVALES;;;;;generico;;gesruta;284;2026-08-19T11:11:38.296Z;2026-08-19T11:11:38.296Z
BELGI;BELGICA;;;;;generico;;gesruta;285;2026-08-19T11:11:38.296Z;2026-08-19T11:11:38.296Z
BENAV;BENAVENTE(PORT.);;;;;generico;;gesruta;286;2026-08-19T11:11:38.296Z;2026-08-19T11:11:38.296Z
BENIC;BENICARLO;;;;;generico;;gesruta;287;2026-08-19T11:11:38.296Z;2026-08-19T11:11:38.296Z
BERA;BERA;;;;;generico;;gesruta;288;2026-08-19T11:11:38.296Z;2026-08-19T11:11:38.296Z
BERAN;BERANGO;;;;;generico;;gesruta;289;2026-08-19T11:11:38.296Z;2026-08-19T11:11:38.296Z
BERME;BERMEO;;;;;generico;;gesruta;290;2026-08-19T11:11:38.296Z;2026-08-19T11:11:38.296Z
BERRE;BERRE-LETANG;;;;;generico;;gesruta;291;2026-08-19T11:11:38.296Z;2026-08-19T11:11:38.296Z
BILLA;BILLABONA;;;;;generico;;gesruta;292;2026-08-19T11:11:38.296Z;2026-08-19T11:11:38.296Z
BIOHU;BIO OILS HUELVA SL;;;;;generico;;gesruta;293;2026-08-19T11:11:38.296Z;2026-08-19T11:11:38.296Z
BIOCA;BIOCARB.DE CASTILLA,SA;;;ZAMORA;;generico;;gesruta;294;2026-08-19T11:11:38.296Z;2026-08-19T11:11:38.296Z
BIOCS;BIOCARBUR.SALAMANCA,SA;;;;;generico;;gesruta;295;2026-08-19T11:11:38.296Z;2026-08-19T11:11:38.296Z
BIOCO;BIOCOM PISUERGA,SA;;;;;generico;;gesruta;296;2026-08-19T11:11:38.296Z;2026-08-19T11:11:38.296Z
ARAGO;BIODIESEL ARAGON, S.L.;;;;;generico;;gesruta;297;2026-08-19T11:11:38.296Z;2026-08-19T11:11:38.296Z
BIODI;BIODIESEL CLM, S.L.;;;;;generico;;gesruta;298;2026-08-19T11:11:38.296Z;2026-08-19T11:11:38.296Z
BION;BIONOR BERANTEVILLA,SLU;;;;;generico;;gesruta;299;2026-08-19T11:11:38.296Z;2026-08-19T11:11:38.296Z
BIONO;BIONORTE, S.A.;;;ASTURIAS;;generico;;gesruta;300;2026-08-19T11:11:38.296Z;2026-08-19T11:11:38.296Z
BIOPO;BIOPORT DIESEL,SA;;;;;generico;;gesruta;301;2026-08-19T11:11:38.296Z;2026-08-19T11:11:38.296Z
BIOVI;BIOVIGO ENERGY,SL;;;;;generico;;gesruta;302;2026-08-19T11:11:38.296Z;2026-08-19T11:11:38.296Z
BIZKA;BIZKAIA;;;;;generico;;gesruta;303;2026-08-19T11:11:38.296Z;2026-08-19T11:11:38.296Z
BOIRO;BOIRO;;;;;generico;;gesruta;304;2026-08-19T11:11:38.296Z;2026-08-19T11:11:38.296Z
BOURD;BOURDEAUX;;;;;generico;;gesruta;305;2026-08-19T11:11:38.296Z;2026-08-19T11:11:38.296Z
BRAG;BRAGANÇA (PT);;;;;generico;;gesruta;306;2026-08-19T11:11:38.296Z;2026-08-19T11:11:38.296Z
ILE;BRENNTAG ILE FRANCE;;;;;generico;;gesruta;307;2026-08-19T11:11:38.296Z;2026-08-19T11:11:38.296Z
CC;CACERES;;;CÁCERES;;generico;;gesruta;308;2026-08-19T11:11:38.296Z;2026-08-19T11:11:38.296Z
CACIA;CACIA;;;;;generico;;gesruta;309;2026-08-19T11:11:38.296Z;2026-08-19T11:11:38.296Z
CALA;CALATAYUD;;;;;generico;;gesruta;310;2026-08-19T11:11:38.296Z;2026-08-19T11:11:38.296Z
CALD;CALDAS DA RAINHA (PT);;;;;generico;;gesruta;311;2026-08-19T11:11:38.296Z;2026-08-19T11:11:38.296Z
CALAV;CALDAS RAINHA/AVIS;;;;;generico;;gesruta;312;2026-08-19T11:11:38.296Z;2026-08-19T11:11:38.296Z
CALPE;CALDAS RAINHA/PENICHE;;;;;generico;;gesruta;313;2026-08-19T11:11:38.296Z;2026-08-19T11:11:38.296Z
CALVI;CALDAS-VIGO;;;;;generico;;gesruta;314;2026-08-19T11:11:38.296Z;2026-08-19T11:11:38.296Z
CAMBA;CAMBADOS;;;;;generico;;gesruta;315;2026-08-19T11:11:38.296Z;2026-08-19T11:11:38.296Z
CAMUÑ;CAMUÑAS;;;;;generico;;gesruta;316;2026-08-19T11:11:38.296Z;2026-08-19T11:11:38.296Z
CANCI;CANCIENES;;;;;generico;;gesruta;317;2026-08-19T11:11:38.296Z;2026-08-19T11:11:38.296Z
CANGA;CANGAS;;;;;generico;;gesruta;318;2026-08-19T11:11:38.296Z;2026-08-19T11:11:38.296Z
CANTA;CANTABRIA;;;;;generico;;gesruta;319;2026-08-19T11:11:38.296Z;2026-08-19T11:11:38.296Z
CAPAR;CAPARROSO;;;;;generico;;gesruta;320;2026-08-19T11:11:38.296Z;2026-08-19T11:11:38.296Z
RELISA;Relisa;;Barcelona;Barcelona;ES;planta_cargadora;Relisa;manual;321;2026-08-19T11:11:38.296Z;2026-08-19T11:11:38.296Z
DIVERSEY;Diversey;DIVERSEY ESPANA|DIVERSEY ESPANA PRODUCTION;Valdemoro;Madrid;ES;planta_cargadora;Diversey;manual;322;2026-08-19T11:11:38.296Z;2026-08-19T11:11:38.296Z
TEPSA;Tepsa;;;;ES;planta_cargadora;Tepsa;manual;323;2026-08-19T11:11:38.296Z;2026-08-19T11:11:38.296Z
BRESFOR;Bresfor;BREDFOR;Aveiro;Aveiro;PT;planta_cargadora;Bresfor;manual;324;2026-08-19T11:11:38.296Z;2026-08-19T11:11:38.296Z
TE;TERUEL;CELLA|FINSA CELLA|CELLA TERUEL;Cella;Teruel;ES;generico;Finsa;manual;325;2026-08-19T17:06:30.432Z;2026-08-20T11:43:29.819Z
PORTU;PORTUGAL;;;;;generico;;gesruta-export;326;2026-08-20T11:43:04.712Z;2026-08-20T11:43:04.712Z
FR;FRANCIA;;;;;generico;;gesruta-export;327;2026-08-20T11:43:04.712Z;2026-08-20T11:43:04.712Z
CS;CASTELLON;;;;;generico;;gesruta-export;328;2026-08-20T11:43:04.712Z;2026-08-20T11:43:04.712Z
9731;TORDERA;;;;;generico;;gesruta-export;329;2026-08-20T11:43:04.712Z;2026-08-20T11:43:04.712Z
MAGNE;MAGNE (FR);;;;;generico;;gesruta-export;330;2026-08-20T11:43:04.712Z;2026-08-20T11:43:04.712Z
MEND;MENDAVIA;;;;;generico;;gesruta-export;331;2026-08-20T11:43:04.712Z;2026-08-20T11:43:04.712Z
GUARD;GUARDA (PT);;;;;generico;;gesruta-export;332;2026-08-20T11:43:04.712Z;2026-08-20T11:43:04.712Z
SANTO;SANTO TIRSO;;;;;generico;;gesruta-export;333;2026-08-20T11:43:04.712Z;2026-08-20T11:43:04.712Z
9716;FERREIRA ALENTEJO;;;;;generico;;gesruta-export;334;2026-08-20T11:43:04.712Z;2026-08-20T11:43:04.712Z
LO;LOGROÑO;;;;;generico;;gesruta-export;335;2026-08-20T11:43:04.712Z;2026-08-20T11:43:04.712Z
RIOJA;LA RIOJA;;;;;generico;;gesruta-export;336;2026-08-20T11:43:04.712Z;2026-08-20T11:43:04.712Z
NAVAR;NAVARRA;;;;;generico;;gesruta-export;337;2026-08-20T11:43:04.712Z;2026-08-20T11:43:04.712Z
9729;VARIOS GALICIA;;;;;generico;;gesruta-export;338;2026-08-20T11:43:04.712Z;2026-08-20T11:43:04.712Z
CONDE;CONDEIXA (PT);;;;;generico;;gesruta-export;339;2026-08-20T11:43:04.712Z;2026-08-20T11:43:04.712Z
LUBAD;CONTRACHAP.LUBADI,SL;;;;;generico;;gesruta-export;340;2026-08-20T11:43:04.712Z;2026-08-20T11:43:04.712Z
TROFA;TROFA (PT);;;;;generico;;gesruta-export;341;2026-08-20T11:43:04.712Z;2026-08-20T11:43:04.712Z
CASTR;CASTRO URDIALES;;;;;generico;;gesruta-export;342;2026-08-20T11:43:04.712Z;2026-08-20T11:43:04.712Z
FORES;FORESA FRANCE SAS;;;;;generico;;gesruta-export;343;2026-08-20T11:43:04.712Z;2026-08-20T11:43:04.712Z
SEGOV;SEGOVIA;;;;;generico;;gesruta-export;344;2026-08-20T11:43:04.712Z;2026-08-20T11:43:04.712Z
OYON;OYON;;;;;generico;;gesruta-export;345;2026-08-20T11:43:04.712Z;2026-08-20T11:43:04.712Z
FIGUE;FIGUEIRA FOZ;;;;;generico;;gesruta-export;346;2026-08-20T11:43:04.712Z;2026-08-20T11:43:04.712Z
SERZE;SERZEDELO(PT);;;;;generico;;gesruta-export;347;2026-08-20T11:43:04.712Z;2026-08-20T11:43:04.712Z
LANDI;LANDIN (PT);;;;;generico;;gesruta-export;348;2026-08-20T11:43:04.712Z;2026-08-20T11:43:04.712Z
PUERT;PUERTOLLANO;;;;;generico;;gesruta-export;349;2026-08-20T11:43:04.712Z;2026-08-20T11:43:04.712Z
Z;ZARAGOZA;;;;;generico;;gesruta-export;350;2026-08-20T11:43:04.712Z;2026-08-20T11:43:04.712Z
SOUIL;SOUILLAC(FR);;;;;generico;;gesruta-export;351;2026-08-20T11:43:04.712Z;2026-08-20T11:43:04.712Z
L;LERIDA;;;;;generico;;gesruta-export;352;2026-08-20T11:43:04.712Z;2026-08-20T11:43:04.712Z
GUADA;GUADALAJARA;;;;;generico;;gesruta-export;353;2026-08-20T11:43:04.712Z;2026-08-20T11:43:04.712Z
SOUSE;SOUSELAS (PT);;;;;generico;;gesruta-export;354;2026-08-20T11:43:04.712Z;2026-08-20T11:43:04.712Z
GERMA;GERMAN RDGUEZ.IND.SA;;;;;generico;;gesruta-export;355;2026-08-20T11:43:04.712Z;2026-08-20T11:43:04.712Z
CAS;CASTRILLON;;;;;generico;;gesruta-export;356;2026-08-20T11:43:04.712Z;2026-08-20T11:43:04.712Z
ESPIN;ESPINHO;;;;;generico;;gesruta-export;357;2026-08-20T11:43:04.712Z;2026-08-20T11:43:04.712Z
LLEID;LLEIDA;;;;;generico;;gesruta-export;358;2026-08-20T11:43:04.712Z;2026-08-20T11:43:04.712Z
PENAG;PENAGOS;;;;;generico;;gesruta-export;359;2026-08-20T11:43:04.712Z;2026-08-20T11:43:04.712Z
ALENT;FERREIRA DE ALENTEJO;;;;;generico;;gesruta-export;360;2026-08-20T11:43:04.712Z;2026-08-20T11:43:04.712Z
S;SANTANDER;;;;;generico;;gesruta-export;361;2026-08-20T11:43:04.712Z;2026-08-20T11:43:04.712Z
REUS;REUS;;;;;generico;;gesruta-export;362;2026-08-20T11:43:04.712Z;2026-08-20T11:43:04.712Z
VISEU;VISEU;;;;;generico;;gesruta-export;363;2026-08-20T11:43:04.712Z;2026-08-20T11:43:04.712Z
JABER;JABER, S.A.;;;;;generico;;gesruta-export;364;2026-08-20T11:43:04.712Z;2026-08-20T11:43:04.712Z
GIJON;GIJON;;;;;generico;;gesruta-export;365;2026-08-20T11:43:04.712Z;2026-08-20T11:43:04.712Z
9733;BEGEGA;;;;;generico;;gesruta-export;366;2026-08-20T11:43:04.712Z;2026-08-20T11:43:04.712Z
LANGR;LANGREO;;;;;generico;;gesruta-export;367;2026-08-20T11:43:04.712Z;2026-08-20T11:43:04.712Z
9734;ARENAS DE IGUÑA;;;;;generico;;gesruta-export;368;2026-08-20T11:43:04.712Z;2026-08-20T11:43:04.712Z
GIJ;GIJON;;;;;generico;;gesruta-export;369;2026-08-20T11:43:04.712Z;2026-08-20T11:43:04.712Z
RENTE;RENTERIA;;;;;generico;;gesruta-export;370;2026-08-20T11:43:04.712Z;2026-08-20T11:43:04.712Z
VIDRE;VIDRERES;;;;;generico;;gesruta-export;371;2026-08-20T11:43:04.712Z;2026-08-20T11:43:04.712Z
LOUS;LOUSA (PT);;;;;generico;;gesruta-export;372;2026-08-20T11:43:04.712Z;2026-08-20T11:43:04.712Z
MAJA;MAJADAHONDA;;;;;generico;;gesruta-export;373;2026-08-20T11:43:04.712Z;2026-08-20T11:43:04.712Z
SEIXA;SEIXAL(PT);;;;;generico;;gesruta-export;374;2026-08-20T11:43:04.712Z;2026-08-20T11:43:04.712Z
PONTC;PONTECESURES;;;;;generico;;gesruta-export;375;2026-08-20T11:43:04.712Z;2026-08-20T11:43:04.712Z
FUENL;FUENLABRADA;;;;;generico;;gesruta-export;376;2026-08-20T11:43:04.712Z;2026-08-20T11:43:04.712Z
CORTE;CORTEGAÇA(PT);;;;;generico;;gesruta-export;377;2026-08-20T11:43:04.712Z;2026-08-20T11:43:04.712Z
EGGER;EGGER PANNEAUX;;;;;generico;;gesruta-export;378;2026-08-20T11:43:04.712Z;2026-08-20T11:43:04.712Z
SETE;SETE (FRANCIA);;;;;generico;;gesruta-export;379;2026-08-20T11:43:04.712Z;2026-08-20T11:43:04.712Z
MENGU;MENGUIBAR;;;;;generico;;gesruta-export;380;2026-08-20T11:43:04.712Z;2026-08-20T11:43:04.712Z
CORIS;CORISTANCO;;;;;generico;;gesruta-export;381;2026-08-20T11:43:04.712Z;2026-08-20T11:43:04.712Z
CESUR;CESURES;;;;;generico;;gesruta-export;382;2026-08-20T11:43:04.712Z;2026-08-20T11:43:04.712Z
GIOVA;GIOVANNI BOZZETTO, S.A.;;;;;generico;;gesruta-export;383;2026-08-20T11:43:04.712Z;2026-08-20T11:43:04.712Z
EGEA;EGEA CABALLEROS;;;;;generico;;gesruta-export;384;2026-08-20T11:43:04.712Z;2026-08-20T11:43:04.712Z
IRURE;IRURENA;;;;;generico;;gesruta-export;385;2026-08-20T11:43:04.712Z;2026-08-20T11:43:04.712Z
9710;VILANOVA DA RAINHA;;;;;generico;;gesruta-export;386;2026-08-20T11:43:04.712Z;2026-08-20T11:43:04.712Z
ZUMAI;ZUMAIA;;;;;generico;;gesruta-export;387;2026-08-20T11:43:04.712Z;2026-08-20T11:43:04.712Z
GE;GERONA;;;;;generico;;gesruta-export;388;2026-08-20T11:43:04.712Z;2026-08-20T11:43:04.712Z
VIZ;VIZCAYA;;;;;generico;;gesruta-export;389;2026-08-20T11:43:04.712Z;2026-08-20T11:43:04.712Z
VILAF;VILA FRANCA DE XIRA;;;;;generico;;gesruta-export;390;2026-08-20T11:43:04.712Z;2026-08-20T11:43:04.712Z
AVILE;AVILES;ASTURIANA DE ZINC|FERQUIQUIMICA|FERQUIMER;Aviles;Asturias;ES;empresa;ASTURIANA DE ZINC;alias-empresa-2026-08-26;391;2026-08-26T17:07:37.551Z;2026-08-26T17:07:37.551Z
NAVIA;NAVIA;ENCE|ENCE NAVIA;Navia;Asturias;ES;empresa;ENCE;alias-empresa-2026-08-26;392;2026-08-26T17:07:37.551Z;2026-08-26T17:07:37.551Z
FAMAL;VILANOVA FAMALICAO;CARREIRA|RNM PRODUTOS QUIMICOS|RNM PRODUTOS;Vila Nova de Famalicao;;PT;empresa;RNM;alias-empresa-2026-08-26;393;2026-08-26T17:07:37.551Z;2026-08-26T17:07:37.551Z
SILLE;SILLEDA;PRODUCTOS DISICLIN|DISICLIN;Silleda;Pontevedra;ES;empresa;PRODUCTOS DISICLIN;alias-empresa-2026-08-26;394;2026-08-26T17:07:37.551Z;2026-08-26T17:07:37.551Z
