cliente;origen;destino;material;tarifa_tn;precio_fijo;vigente_desde;id;createdAt;updatedAt
A. CAMPOS INTERTRANS, S.L.;BILBAO;BARCELONA;BIODIESEL;;23;;1;2026-08-04T09:36:56.200Z;2026-08-04T09:36:56.200Z
A. CAMPOS INTERTRANS, S.L.;MADRID;CORUÑA;SOSA;;37;;2;2026-08-04T09:36:56.200Z;2026-08-04T09:36:56.200Z
A. CAMPOS INTERTRANS, S.L.;RUBI;VIGO;BRADOL;;1300;2020-07-27;3;2026-08-04T09:36:56.200Z;2026-08-04T09:36:56.200Z
A.CAMPOS, FONSECA & COSTA, S.A.;RATES POVOA BARZIM;ZARZALEJO;LECHE;;825;;4;2026-08-04T09:36:56.200Z;2026-08-04T09:36:56.200Z
ACIDEKA, S.A.;CALDAS DE REIS;LANGREO;Cualquiera;30.21;;2025-03-01;5;2026-08-04T09:36:56.200Z;2026-08-04T09:36:56.200Z
ACIDEKA, S.A.;LANTARON;CORUÑA;Cualquiera;38.83;;2025-03-01;6;2026-08-04T09:36:56.200Z;2026-08-04T09:36:56.200Z
ACIDEKA, S.A.;LANTARON;LANGREO;Cualquiera;30.21;;2025-03-01;7;2026-08-04T09:36:56.200Z;2026-08-04T09:36:56.200Z
ACIDEKA, S.A.;LANTARON;MONFORTE LEMOS;Cualquiera;39.21;;2024-10-21;8;2026-08-04T09:36:56.200Z;2026-08-04T09:36:56.200Z
ACIDEKA, S.A.;LANTARON;PONTEVEDRA;Cualquiera;39.66;;2023-12-04;9;2026-08-04T09:36:56.200Z;2026-08-04T09:36:56.200Z
ACIDEKA, S.A.;MIRANDA DE EBRO;CORUÑA;Cualquiera;38.83;;2025-03-01;10;2026-08-04T09:36:56.200Z;2026-08-04T09:36:56.200Z
ACIDEKA, S.A.;MUGARDOS;SEVILLA;METANOL;;1400;2025-01-31;11;2026-08-04T09:36:56.200Z;2026-08-04T09:36:56.200Z
ACIDEKA, S.A.;ZIERBANA;LUGO;Cualquiera;36.57;;2018-11-23;12;2026-08-04T09:36:56.200Z;2026-08-04T09:36:56.200Z
ACIDEKA, S.A.;ZIERBANA;PONTEVEDRA;Cualquiera;44;;2020-11-16;13;2026-08-04T09:36:56.200Z;2026-08-04T09:36:56.200Z
ACIDEKA, S.A.;ZIERBANA;TEIXEIRO;Cualquiera;38.96;;2014-12-26;14;2026-08-04T09:36:56.200Z;2026-08-04T09:36:56.200Z
ALCOHOLES GALICIA, S.L.;GRANADA;ORENSE;ALCOHOL;;1220;2020-05-05;15;2026-08-04T09:36:56.200Z;2026-08-04T09:36:56.200Z
ALCOHOLES GALICIA, S.L.;ORENSE;PORRIÑO;ALCOHOL;;300;2016-04-30;16;2026-08-04T09:36:56.200Z;2026-08-04T09:36:56.200Z
AMBERES CHEMICAL, S.A.;TARRAGONA;GUIPUZCOA;ACETATO METILO;36.9;;2026-02-01;17;2026-08-04T09:36:56.200Z;2026-08-04T09:36:56.200Z
AMBERES CHEMICAL, S.A.;TARRAGONA;OYON;Cualquiera;31.15;;2026-04-05;18;2026-08-04T09:36:56.200Z;2026-08-04T09:36:56.200Z
AMBERES CHEMICAL, S.A.;TARRAGONA;PONTEVEDRA;ACETATO DE VINILO;79.95;;2026-03-04;19;2026-08-04T09:36:56.200Z;2026-08-04T09:36:56.200Z
ANDREU PINTALUBA, S.A.;TARRAGONA;ORENSE;LISINA;;1300;;20;2026-08-04T09:36:56.200Z;2026-08-04T09:36:56.200Z
ARACHEM, S.A.;BERANGO;ALENQUER;COLA;;1500;2026-05-15;21;2026-08-04T09:36:56.200Z;2026-08-04T09:36:56.200Z
ARACHEM, S.A.;BERANGO;MACEIRA-LIZ;COLA;;1262.12;2015-10-10;22;2026-08-04T09:36:56.200Z;2026-08-04T09:36:56.200Z
BEAR QUIMICA, S.A.;MASDENVERGE;ARRIGORRIAGA;Cualquiera;;980;;23;2026-08-04T09:36:56.200Z;2026-08-04T09:36:56.200Z
BEAR QUIMICA, S.A.;MASDENVERGE;BURGOS;ADICRIL;;1000;;24;2026-08-04T09:36:56.200Z;2026-08-04T09:36:56.200Z
BEAR QUIMICA, S.A.;MASDENVERGE;CANTABRIA;Cualquiera;;1050;2017-04-03;25;2026-08-04T09:36:56.200Z;2026-08-04T09:36:56.200Z
BEAR QUIMICA, S.A.;MASDENVERGE;O PORTO;ADICRIL;;1500;2017-02-20;26;2026-08-04T09:36:56.200Z;2026-08-04T09:36:56.200Z
BEAR QUIMICA, S.A.;MASDENVERGE;VISEU;ADICRIL;;1300;2016-02-08;27;2026-08-04T09:36:56.200Z;2026-08-04T09:36:56.200Z
BIOLOGICA DE MIXES, S.L.;LERIDA;CALDAS DE REIS;HARINA;;38;;28;2026-08-04T09:36:56.200Z;2026-08-04T09:36:56.200Z
BODEGAS VAZQUEZ NIEVES, S.L.;ALCAZAR DE S. JUAN;VIGO;VINO;;27.04;;29;2026-08-04T09:36:56.200Z;2026-08-04T09:36:56.200Z
BODEGAS VAZQUEZ NIEVES, S.L.;CUENCA;VIGO;VINO;;27.04;;30;2026-08-04T09:36:56.200Z;2026-08-04T09:36:56.200Z
BODEGAS VAZQUEZ NIEVES, S.L.;VALENCIA;VIGO;VINO;;33.8;;31;2026-08-04T09:36:56.200Z;2026-08-04T09:36:56.200Z
BRESFOR IND. DO FORMOL, S.A.;AVEIRO;BURGOS;Cualquiera;46.6;;2026-04-16;32;2026-08-04T09:36:56.200Z;2026-08-04T09:36:56.200Z
BRESFOR IND. DO FORMOL, S.A.;AVEIRO;CACERES;Cualquiera;33.25;;2026-04-16;33;2026-08-04T09:36:56.200Z;2026-08-04T09:36:56.200Z
BRESFOR IND. DO FORMOL, S.A.;AVEIRO;CADIZ;Cualquiera;45.9;;2026-04-16;34;2026-08-04T09:36:56.200Z;2026-08-04T09:36:56.200Z
BRESFOR IND. DO FORMOL, S.A.;AVEIRO;CALDAS DE REIS;Cualquiera;32.13;;2026-07-14;35;2026-08-04T09:36:56.200Z;2026-08-04T09:36:56.200Z
BRESFOR IND. DO FORMOL, S.A.;AVEIRO;CORDOBA;Cualquiera;48.65;;2026-04-16;36;2026-08-04T09:36:56.200Z;2026-08-04T09:36:56.200Z
BRESFOR IND. DO FORMOL, S.A.;AVEIRO;EGGER PANNEAUX;Cualquiera;76.5;;2026-04-16;37;2026-08-04T09:36:56.200Z;2026-08-04T09:36:56.200Z
BRESFOR IND. DO FORMOL, S.A.;AVEIRO;FORESA FRANCE SAS;COLA;83.64;;2023-07-05;38;2026-08-04T09:36:56.200Z;2026-08-04T09:36:56.200Z
BRESFOR IND. DO FORMOL, S.A.;AVEIRO;GRANADA;Cualquiera;56.92;;2026-04-16;39;2026-08-04T09:36:56.200Z;2026-08-04T09:36:56.200Z
BRESFOR IND. DO FORMOL, S.A.;AVEIRO;HUELVA;Cualquiera;41.31;;2026-07-15;40;2026-08-04T09:36:56.200Z;2026-08-04T09:36:56.200Z
BRESFOR IND. DO FORMOL, S.A.;AVEIRO;JAEN;Cualquiera;51.19;;2026-04-16;41;2026-08-04T09:36:56.200Z;2026-08-04T09:36:56.200Z
BRESFOR IND. DO FORMOL, S.A.;AVEIRO;ORENSE;COLA;39.78;;2026-07-15;42;2026-08-04T09:36:56.200Z;2026-08-04T09:36:56.200Z
BRESFOR IND. DO FORMOL, S.A.;AVEIRO;SEVILLA;METANOL;38.77;;2026-04-13;43;2026-08-04T09:36:56.200Z;2026-08-04T09:36:56.200Z
BRESFOR IND. DO FORMOL, S.A.;AVEIRO;TERUEL;COLA;56;;2026-08-03;44;2026-08-04T09:36:56.200Z;2026-08-04T09:36:56.200Z
BRESFOR IND. DO FORMOL, S.A.;AVEIRO;VALLADOLID;Cualquiera;37.64;;2026-04-05;45;2026-08-04T09:36:56.200Z;2026-08-04T09:36:56.200Z
BRESFOR IND. DO FORMOL, S.A.;TERUEL;AVEIRO;VACIO;;1.47;2026-04-16;46;2026-08-04T09:36:56.200Z;2026-08-04T09:36:56.200Z
BRESFOR IND. DO FORMOL, S.A.;VILLAGARCIA;AVEIRO;METANOL;32.13;;2023-02-02;47;2026-08-04T09:36:56.200Z;2026-08-04T09:36:56.200Z
CARRERAS GRUPO LOGISTICO, S.A.;VITORIA;SABADELL;BEBIDAS;;430;;48;2026-08-04T09:36:56.200Z;2026-08-04T09:36:56.200Z
CASAIS Y CIA., S.L.;VILLALBA;VALENCIA;LECHE;;27.93;;49;2026-08-04T09:36:56.200Z;2026-08-04T09:36:56.200Z
CISTERNAS FELIX, S.L.;TARTAS;MADRID;LIGNOSULFONATE;;600;;50;2026-08-04T09:36:56.200Z;2026-08-04T09:36:56.200Z
CISTERNAS MUGARDOS, S.L.;MUGARDOS;CARTAGENA;METANOL;;60;2014-12-09;51;2026-08-04T09:36:56.200Z;2026-08-04T09:36:56.200Z
CISTERNAS MUGARDOS, S.L.;MUGARDOS;CASTELLON;METANOL;;60;2014-07-12;52;2026-08-04T09:36:56.200Z;2026-08-04T09:36:56.200Z
CISTERNAS MUGARDOS, S.L.;MUGARDOS;LISBOA;METANOL;;41;2015-07-13;53;2026-08-04T09:36:56.200Z;2026-08-04T09:36:56.200Z
CISTERVAGOS TTE. UNIPESSOAL, LDA.;SINES;FRANCIA;COLA;;49.28;;54;2026-08-04T09:36:56.200Z;2026-08-04T09:36:56.200Z
CISTERVAGOS TTE. UNIPESSOAL, LDA.;TARTAS;OVAR;LIGNOSULFONATE;;1050;2014-06-21;55;2026-08-04T09:36:56.200Z;2026-08-04T09:36:56.200Z
CLAVO FOOD FACTORY, S.A.;ALCALA HENARES;CALDAS DE REIS;Cualquiera;;1.31;2024-10-01;56;2026-08-04T09:36:56.200Z;2026-08-04T09:36:56.200Z
CLAVO FOOD FACTORY, S.A.;ALCALA HENARES;TORDESILLAS;Cualquiera;;1.31;2026-07-28;57;2026-08-04T09:36:56.200Z;2026-08-04T09:36:56.200Z
CLAVO FOOD FACTORY, S.A.;AZUQUECA DE HENARES;Cualquiera;Cualquiera;;1.31;2026-07-28;58;2026-08-04T09:36:56.200Z;2026-08-04T09:36:56.200Z
CLAVO FOOD FACTORY, S.A.;BARCELONA;Cualquiera;Cualquiera;;1.31;2026-07-01;59;2026-08-04T09:36:56.200Z;2026-08-04T09:36:56.200Z
CLAVO FOOD FACTORY, S.A.;CALDAS DE REIS;Cualquiera;Cualquiera;;1.52;2026-07-28;60;2026-08-04T09:36:56.200Z;2026-08-04T09:36:56.200Z
CLAVO FOOD FACTORY, S.A.;CALDAS DE REIS;PONTEVEDRA;Cualquiera;;212;2024-07-31;61;2026-08-04T09:36:56.200Z;2026-08-04T09:36:56.200Z
CLAVO FOOD FACTORY, S.A.;CALDAS DE REIS;VILAGARCIA;Cualquiera;;60;;62;2026-08-04T09:36:56.200Z;2026-08-04T09:36:56.200Z
CLAVO FOOD FACTORY, S.A.;GETAFE;Cualquiera;Cualquiera;;1.31;2026-07-28;63;2026-08-04T09:36:56.200Z;2026-08-04T09:36:56.200Z
CLAVO FOOD FACTORY, S.A.;MADRID;Cualquiera;Cualquiera;;1.31;2026-07-28;64;2026-08-04T09:36:56.200Z;2026-08-04T09:36:56.200Z
CLAVO FOOD FACTORY, S.A.;PONTEVEDRA;CALDAS DE REIS;Cualquiera;;212;2026-06-03;65;2026-08-04T09:36:56.200Z;2026-08-04T09:36:56.200Z
CLAVO FOOD FACTORY, S.A.;QUER;Cualquiera;Cualquiera;;1.31;2026-07-28;66;2026-08-04T09:36:56.200Z;2026-08-04T09:36:56.200Z
CLAVO FOOD FACTORY, S.A.;REINOSA;Cualquiera;Cualquiera;;1.52;2026-03-04;67;2026-08-04T09:36:56.200Z;2026-08-04T09:36:56.200Z
CLAVO FOOD FACTORY, S.A.;REINOSA;CALDAS DE REIS;Cualquiera;;1.31;2024-12-20;68;2026-08-04T09:36:56.200Z;2026-08-04T09:36:56.200Z
CLAVO FOOD FACTORY, S.A.;REINOSA;TORDESILLAS;Cualquiera;;315;2026-07-28;69;2026-08-04T09:36:56.200Z;2026-08-04T09:36:56.200Z
CLAVO FOOD FACTORY, S.A.;SALVATIERRA;Cualquiera;Cualquiera;;1.31;2026-07-27;70;2026-08-04T09:36:56.200Z;2026-08-04T09:36:56.200Z
CLAVO FOOD FACTORY, S.A.;TORDESILLAS;Cualquiera;Cualquiera;;1.52;2026-07-28;71;2026-08-04T09:36:56.200Z;2026-08-04T09:36:56.200Z
CLAVO FOOD FACTORY, S.A.;TORDESILLAS;CALDAS DE REIS;Cualquiera;;1.31;2026-07-28;72;2026-08-04T09:36:56.200Z;2026-08-04T09:36:56.200Z
CLAVO FOOD FACTORY, S.A.;TORDESILLAS;PALENCIA;Cualquiera;;212;2024-12-10;73;2026-08-04T09:36:56.200Z;2026-08-04T09:36:56.200Z
CLAVO FOOD FACTORY, S.A.;TORDESILLAS;REINOSA;Cualquiera;;315;2026-07-28;74;2026-08-04T09:36:56.200Z;2026-08-04T09:36:56.200Z
CLAVO FOOD FACTORY, S.A.;TORDESILLAS;ZAMORA;Cualquiera;;212;2025-02-01;75;2026-08-04T09:36:56.200Z;2026-08-04T09:36:56.200Z
CLAVO FOOD FACTORY, S.A.;TUDELA;Cualquiera;Cualquiera;;1.31;2026-02-04;76;2026-08-04T09:36:56.200Z;2026-08-04T09:36:56.200Z
CLAVO FOOD FACTORY, S.A.;VILAGARCIA;CALDAS DE REIS;Cualquiera;;60;;77;2026-08-04T09:36:56.200Z;2026-08-04T09:36:56.200Z
CLAVO FOOD FACTORY, S.A.;ZAMORA;TORDESILLAS;Cualquiera;;212;2025-02-01;78;2026-08-04T09:36:56.200Z;2026-08-04T09:36:56.200Z
COGENERACION DEL NOROESTE, S.L.;CORUÑA;ORENSE;FUEL;20.34;;2024-02-09;79;2026-08-04T09:36:56.200Z;2026-08-04T09:36:56.200Z
COGENERACION DEL NOROESTE, S.L.;MUGARDOS;ORENSE;FUEL;;20.97;2022-10-03;80;2026-08-04T09:36:56.200Z;2026-08-04T09:36:56.200Z
COMPRAS Y REPRESENTAC.DE MADERAS, S.A.;SANTIAGO;ALBACETE;PARAFINA;;40.32;;81;2026-08-04T09:36:56.200Z;2026-08-04T09:36:56.200Z
COMPRAS Y REPRESENTAC.DE MADERAS, S.A.;SANTIAGO;ORANGE;PARAFINA;;67.2;;82;2026-08-04T09:36:56.200Z;2026-08-04T09:36:56.200Z
CROMOGENIA UNITS, S.A.;ARTEIXO;GUADALAJARA;BARQUAT;;750;;83;2026-08-04T09:36:56.200Z;2026-08-04T09:36:56.200Z
CROMOGENIA UNITS, S.A.;ARTEIXO;MALIAÑO;POLICLORURO;;800;;84;2026-08-04T09:36:56.200Z;2026-08-04T09:36:56.200Z
CROMOGENIA UNITS, S.A.;ARTEIXO;UTEBO;BARQUAT;;900;;85;2026-08-04T09:36:56.200Z;2026-08-04T09:36:56.200Z
DESTILARIA LEVIRA, LDA.;ANADIA;NAVARRA;AGUARDIENTE;;1050;;86;2026-08-04T09:36:56.200Z;2026-08-04T09:36:56.200Z
DESTILARIA LEVIRA, LDA.;ANADIA;ORENSE;AGUARDIENTE;;580;;87;2026-08-04T09:36:56.200Z;2026-08-04T09:36:56.200Z
DROGAFIEIRA, S.L.;MORAÑA;CALDAS DE REIS;SOSA;;250;2018-07-27;88;2026-08-04T09:36:56.200Z;2026-08-04T09:36:56.200Z
DROGAFIEIRA, S.L.;MORAÑA;NEGREIRA;ACIDO NITRICO;;350;2018-11-13;89;2026-08-04T09:36:56.200Z;2026-08-04T09:36:56.200Z
DROGAS CONDE, S.A.;CALDAS DE REIS;CORUÑA;FORMOL;;350;2018-12-21;90;2026-08-04T09:36:56.200Z;2026-08-04T09:36:56.200Z
DROGAS VIGO, S.L.;Cualquiera;Cualquiera;ALQUILER;;800;2024-12-04;91;2026-08-04T09:36:56.200Z;2026-08-04T09:36:56.200Z
DROGAS VIGO, S.L.;ALGECIRAS;PORRIÑO;Cualquiera;;1456;2020-05-08;92;2026-08-04T09:36:56.200Z;2026-08-04T09:36:56.200Z
DROGAS VIGO, S.L.;AVEIRO;MADRID;Cualquiera;38.61;;2023-01-16;93;2026-08-04T09:36:56.200Z;2026-08-04T09:36:56.200Z
DROGAS VIGO, S.L.;AVEIRO;PORRIÑO;Cualquiera;19;;2025-07-29;94;2026-08-04T09:36:56.200Z;2026-08-04T09:36:56.200Z
DROGAS VIGO, S.L.;AVEIRO;TOLEDO;Cualquiera;38.61;;2025-01-14;95;2026-08-04T09:36:56.200Z;2026-08-04T09:36:56.200Z
DROGAS VIGO, S.L.;BARCELONA;PORRIÑO;Cualquiera;;71.43;2025-07-18;96;2026-08-04T09:36:56.200Z;2026-08-04T09:36:56.200Z
DROGAS VIGO, S.L.;BILBAO;PORRIÑO;Cualquiera;42;;2023-01-16;97;2026-08-04T09:36:56.200Z;2026-08-04T09:36:56.200Z
DROGAS VIGO, S.L.;CALDAS DE REIS;PORRIÑO;METANOL;;309;2023-01-16;98;2026-08-04T09:36:56.200Z;2026-08-04T09:36:56.200Z
DROGAS VIGO, S.L.;LEON;PORRIÑO;Cualquiera;;658;2023-07-21;99;2026-08-04T09:36:56.200Z;2026-08-04T09:36:56.200Z
DROGAS VIGO, S.L.;LEON;TOLEDO;Cualquiera;;573;2023-01-16;100;2026-08-04T09:36:56.200Z;2026-08-04T09:36:56.200Z
DROGAS VIGO, S.L.;LYON;PORRIÑO;ACETONA;;3988;2024-10-21;101;2026-08-04T09:38:16.597Z;2026-08-04T09:38:16.597Z
DROGAS VIGO, S.L.;MADRID;PORRIÑO;Cualquiera;36.05;;2026-01-01;102;2026-08-04T09:38:16.597Z;2026-08-04T09:38:16.597Z
DROGAS VIGO, S.L.;MEJORADA;PORRIÑO;AMONIACO;36.05;;2025-07-28;103;2026-08-04T09:38:16.597Z;2026-08-04T09:38:16.597Z
DROGAS VIGO, S.L.;MUGARDOS;PORRIÑO;METANOL;;374;2023-01-16;104;2026-08-04T09:38:16.597Z;2026-08-04T09:38:16.597Z
DROGAS VIGO, S.L.;O PORTO;PORRIÑO;Cualquiera;;439;2023-01-16;105;2026-08-04T09:38:16.597Z;2026-08-04T09:38:16.597Z
DROGAS VIGO, S.L.;PORRIÑO;MADRID;Cualquiera;37.61;;2026-01-01;106;2026-08-04T09:38:16.597Z;2026-08-04T09:38:16.597Z
DROGAS VIGO, S.L.;PORRIÑO;TOLEDO;Cualquiera;;840;2025-10-06;107;2026-08-04T09:38:16.597Z;2026-08-04T09:38:16.597Z
DROGAS VIGO, S.L.;PORRIÑO;TORRELAVEGA;Cualquiera;43.48;;2026-01-01;108;2026-08-04T09:38:16.597Z;2026-08-04T09:38:16.597Z
DROGAS VIGO, S.L.;SANTANDER;PORRIÑO;Cualquiera;43.48;;2024-12-16;109;2026-08-04T09:38:16.597Z;2026-08-04T09:38:16.597Z
DROGAS VIGO, S.L.;TARRAGONA;PORRIÑO;Cualquiera;;72.32;2025-09-26;110;2026-08-04T09:38:16.597Z;2026-08-04T09:38:16.597Z
DROGAS VIGO, S.L.;TORRELAVEGA;PORRIÑO;Cualquiera;43.48;;2026-01-01;111;2026-08-04T09:38:16.597Z;2026-08-04T09:38:16.597Z
DROGAS VIGO, S.L.;VILANOVA DA RAINHA;PORRIÑO;Cualquiera;29.83;;2023-11-28;112;2026-08-04T09:38:16.597Z;2026-08-04T09:38:16.597Z
DROGAS VIGO, S.L.;VILANOVA DA RAINHA;SILLEDA;Cualquiera;38.52;;2024-12-10;113;2026-08-04T09:38:16.597Z;2026-08-04T09:38:16.597Z
DROGAS VIGO, S.L.;ZAMUDIO;PORRIÑO;Cualquiera;43.26;;2025-09-22;114;2026-08-04T09:38:16.597Z;2026-08-04T09:38:16.597Z
DROGAS VIGO, S.L.;ZARAGOZA;PORRIÑO;Cualquiera;;1097;2018-01-31;115;2026-08-04T09:38:16.597Z;2026-08-04T09:38:16.597Z
DROVIGO PORTUGAL UNIPESSOAL, LDA;TARRAGONA;AVEIRO;ACETATO DE ETILO;;1900;2025-07-28;116;2026-08-04T09:38:16.597Z;2026-08-04T09:38:16.597Z
DROVIGO PORTUGAL UNIPESSOAL, LDA;TEIXEIRO;AVEIRO;ETANOL;;25;2021-04-26;117;2026-08-04T09:38:16.597Z;2026-08-04T09:38:16.597Z
E D & MAN PORTUGAL, LDA.;PORTUGAL;VALENCIA;GRASA;;1700;;118;2026-08-04T09:38:16.597Z;2026-08-04T09:38:16.597Z
ENEBRO TRANS, S.L.;BARCELONA;CORUÑA;ADITIVO;;1440;;119;2026-08-04T09:38:16.597Z;2026-08-04T09:38:16.597Z
ENEBRO TRANS, S.L.;BARCELONA;ORENSE;ADITIVO;;1440;;120;2026-08-04T09:38:16.597Z;2026-08-04T09:38:16.597Z
ENEBRO TRANS, S.L.;HUELVA;PONFERRADA;FERRICALAR;;1350;;121;2026-08-04T09:38:16.597Z;2026-08-04T09:38:16.597Z
ENEBRO TRANS, S.L.;TARRAGONA;LUGO;PAX;;1900;;122;2026-08-04T09:38:16.597Z;2026-08-04T09:38:16.597Z
EUROPEA DE CONTENEDORES, S.A.;PORTUGAL;MURCIA;AGUARRAS;;1400;;123;2026-08-04T09:38:16.597Z;2026-08-04T09:38:16.597Z
EUROPEA DE CONTENEDORES, S.A.;TARRAGONA;SANTIAGO;ACEITE;;1350;;124;2026-08-04T09:38:16.597Z;2026-08-04T09:38:16.597Z
FAURECIA INTERIOR SYSTEMS, S.A.;CALDAS DE REIS;PORRIÑO;COLA;;500;;125;2026-08-04T09:38:16.597Z;2026-08-04T09:38:16.597Z
FINANCIERA MADERERA, S.A.;AMBERES;SANTIAGO;DIETANOLAMINA;;2480;;126;2026-08-04T09:38:16.597Z;2026-08-04T09:38:16.597Z
FINANCIERA MADERERA, S.A.;CORUÑA;ORENSE;FUEL CALD.;;16.5;2017-05-22;127;2026-08-04T09:38:16.597Z;2026-08-04T09:38:16.597Z
FINANCIERA MADERERA, S.A.;FRANCIA;SANTIAGO;DIETANOLAMINA;;1975;2020-09-23;128;2026-08-04T09:38:16.597Z;2026-08-04T09:38:16.597Z
FINANCIERA MADERERA, S.A.;SANTIAGO;EGGER PANNEAUX;PARAFINA;;45.15;2020-04-01;129;2026-08-04T09:38:16.597Z;2026-08-04T09:38:16.597Z
FINANCIERA MADERERA, S.A.;SANTIAGO;GUADALAJARA;PARAFINA;;33.49;2017-09-22;130;2026-08-04T09:38:16.597Z;2026-08-04T09:38:16.597Z
FINANCIERA MADERERA, S.A.;SANTIAGO;NELAS;PARAFINA;;26.89;;131;2026-08-04T09:38:16.597Z;2026-08-04T09:38:16.597Z
FINANCIERA MADERERA, S.A.;SANTIAGO;O PORTO;PARAFINA;;16.66;;132;2026-08-04T09:38:16.597Z;2026-08-04T09:38:16.597Z
FINANCIERA MADERERA, S.A.;SANTIAGO;ORANGE;PARAFINA;;69.89;;133;2026-08-04T09:38:16.597Z;2026-08-04T09:38:16.597Z
FINANCIERA MADERERA, S.A.;SANTIAGO;SAINT GOBAIN EUROCOUSTIC;PARAFINA;;68.64;2018-12-03;134;2026-08-04T09:38:16.597Z;2026-08-04T09:38:16.597Z
FINANCIERA MADERERA, S.A.;SANTIAGO;SERIPANNEAUX;PARAFINA;;45.15;2014-02-03;135;2026-08-04T09:38:16.597Z;2026-08-04T09:38:16.597Z
FINANCIERA MADERERA, S.A.;SANTIAGO;SM FRANCE;PARAFINA;;61.77;2014-02-18;136;2026-08-04T09:38:16.597Z;2026-08-04T09:38:16.597Z
FINANCIERA MADERERA, S.A.;SANTIAGO;URSA IBERICA, S.A.;PARAFINA;;52.42;2015-09-02;137;2026-08-04T09:38:16.597Z;2026-08-04T09:38:16.597Z
FINANCIERA MADERERA, S.A.;SANTIAGO;UTISA TERUEL;PARAFINA;;44.35;;138;2026-08-04T09:38:16.597Z;2026-08-04T09:38:16.597Z
FINANCIERA MADERERA, S.A.;VILLAGARCIA;FINSA FRANCE;PARAFINA;;47.52;;139;2026-08-04T09:38:16.597Z;2026-08-04T09:38:16.597Z
FINANCIERA MADERERA, S.A.;VILLAGARCIA;ORENSE;FUEL;;13.53;2014-12-01;140;2026-08-04T09:38:16.597Z;2026-08-04T09:38:16.597Z
FINSA FRANCE, SAS;VILLAGARCIA;FINSA FRANCE SAS;PARAFINA;;47.52;2017-01-07;141;2026-08-04T09:38:16.597Z;2026-08-04T09:38:16.597Z
FORESA FRANCE, SAS;AMBARES;GERONA;Cualquiera;;68;2014-09-17;142;2026-08-04T09:38:16.597Z;2026-08-04T09:38:16.597Z
FORESA FRANCE, SAS;AMBARES;MORCENX;COLA;;13;;143;2026-08-04T09:38:16.597Z;2026-08-04T09:38:16.597Z
FORESA FRANCE, SAS;AMBARES;MUGICA;COLA;;28;;144;2026-08-04T09:38:16.597Z;2026-08-04T09:38:16.597Z
FORESA FRANCE, SAS;BOURDEAUX;CALAHORRA;METANOL;;725;2014-08-08;145;2026-08-04T09:38:16.597Z;2026-08-04T09:38:16.597Z
FORESA IND.QUIMICAS DEL NOROESTE, S.A.;ALAVA;CALDAS DE REIS;Cualquiera;46.93;;2026-04-16;146;2026-08-04T09:38:16.597Z;2026-08-04T09:38:16.597Z
FORESA IND.QUIMICAS DEL NOROESTE, S.A.;ALBACETE;CALDAS DE REIS;Cualquiera;60.05;;2026-04-16;147;2026-08-04T09:38:16.597Z;2026-08-04T09:38:16.597Z
FORESA IND.QUIMICAS DEL NOROESTE, S.A.;ALICANTE;CALDAS DE REIS;Cualquiera;71.82;;2026-04-16;148;2026-08-04T09:38:16.597Z;2026-08-04T09:38:16.597Z
FORESA IND.QUIMICAS DEL NOROESTE, S.A.;ALMERIA;CALDAS DE REIS;Cualquiera;75.71;;2026-04-16;149;2026-08-04T09:38:16.597Z;2026-08-04T09:38:16.597Z
FORESA IND.QUIMICAS DEL NOROESTE, S.A.;ASTURIAS;CALDAS DE REIS;Cualquiera;33.1;;2026-04-16;150;2026-08-04T09:38:16.597Z;2026-08-04T09:38:16.597Z
FORESA IND.QUIMICAS DEL NOROESTE, S.A.;AVILA;CALDAS DE REIS;Cualquiera;42.34;;2026-04-16;151;2026-08-04T09:38:16.597Z;2026-08-04T09:38:16.597Z
FORESA IND.QUIMICAS DEL NOROESTE, S.A.;BADAJOZ;CALDAS DE REIS;Cualquiera;56.48;;2026-04-16;152;2026-08-04T09:38:16.597Z;2026-08-04T09:38:16.597Z
FORESA IND.QUIMICAS DEL NOROESTE, S.A.;BARCELONA;CALDAS DE REIS;Cualquiera;72.36;;2026-04-27;153;2026-08-04T09:38:16.597Z;2026-08-04T09:38:16.597Z
FORESA IND.QUIMICAS DEL NOROESTE, S.A.;BURGOS;CALDAS DE REIS;Cualquiera;46.6;;2026-04-16;154;2026-08-04T09:38:16.597Z;2026-08-04T09:38:16.597Z
FORESA IND.QUIMICAS DEL NOROESTE, S.A.;CACERES;CALDAS DE REIS;Cualquiera;51.3;;2026-03-11;155;2026-08-04T09:38:16.597Z;2026-08-04T09:38:16.597Z
FORESA IND.QUIMICAS DEL NOROESTE, S.A.;CADIZ;CALDAS DE REIS;Cualquiera;75.65;;2026-04-16;156;2026-08-04T09:38:16.597Z;2026-08-04T09:38:16.597Z
FORESA IND.QUIMICAS DEL NOROESTE, S.A.;CALDAS DE REIS;ADHESIVOS GIMPEX, S.L;COLA;78.49;;2026-02-02;157;2026-08-04T09:38:16.597Z;2026-08-04T09:38:16.597Z
FORESA IND.QUIMICAS DEL NOROESTE, S.A.;CALDAS DE REIS;ALAVA;Cualquiera;46.93;;2026-07-15;158;2026-08-04T09:38:16.597Z;2026-08-04T09:38:16.597Z
FORESA IND.QUIMICAS DEL NOROESTE, S.A.;CALDAS DE REIS;ALBACETE;Cualquiera;60.05;;2026-04-16;159;2026-08-04T09:38:16.597Z;2026-08-04T09:38:16.597Z
FORESA IND.QUIMICAS DEL NOROESTE, S.A.;CALDAS DE REIS;ALICANTE;Cualquiera;71.82;;2026-04-14;160;2026-08-04T09:38:16.597Z;2026-08-04T09:38:16.597Z
FORESA IND.QUIMICAS DEL NOROESTE, S.A.;CALDAS DE REIS;ALMERIA;Cualquiera;75.71;;2026-04-16;161;2026-08-04T09:38:16.597Z;2026-08-04T09:38:16.597Z
FORESA IND.QUIMICAS DEL NOROESTE, S.A.;CALDAS DE REIS;AMORIN REVESTIMENTOS, SA;COLA;37.85;;2024-03-25;162;2026-08-04T09:38:16.597Z;2026-08-04T09:38:16.597Z
FORESA IND.QUIMICAS DEL NOROESTE, S.A.;CALDAS DE REIS;ASTURIAS;Cualquiera;33.1;;2026-04-16;163;2026-08-04T09:38:16.597Z;2026-08-04T09:38:16.597Z
FORESA IND.QUIMICAS DEL NOROESTE, S.A.;CALDAS DE REIS;AVILA;Cualquiera;42.34;;2026-04-16;164;2026-08-04T09:38:16.597Z;2026-08-04T09:38:16.597Z
FORESA IND.QUIMICAS DEL NOROESTE, S.A.;CALDAS DE REIS;BADAJOZ;Cualquiera;56.48;;2026-04-16;165;2026-08-04T09:38:16.597Z;2026-08-04T09:38:16.597Z
FORESA IND.QUIMICAS DEL NOROESTE, S.A.;CALDAS DE REIS;BARCELONA;Cualquiera;72.36;;2026-07-28;166;2026-08-04T09:38:16.597Z;2026-08-04T09:38:16.597Z
FORESA IND.QUIMICAS DEL NOROESTE, S.A.;CALDAS DE REIS;BURGOS;Cualquiera;46.6;;2026-04-16;167;2026-08-04T09:38:16.597Z;2026-08-04T09:38:16.597Z
FORESA IND.QUIMICAS DEL NOROESTE, S.A.;CALDAS DE REIS;CACERES;Cualquiera;51.3;;2026-04-16;168;2026-08-04T09:38:16.597Z;2026-08-04T09:38:16.597Z
FORESA IND.QUIMICAS DEL NOROESTE, S.A.;CALDAS DE REIS;CADIZ;Cualquiera;75.65;;2026-04-16;169;2026-08-04T09:38:16.597Z;2026-08-04T09:38:16.597Z
FORESA IND.QUIMICAS DEL NOROESTE, S.A.;CALDAS DE REIS;CANTABRIA;Cualquiera;38.39;;2026-04-16;170;2026-08-04T09:38:16.597Z;2026-08-04T09:38:16.597Z
FORESA IND.QUIMICAS DEL NOROESTE, S.A.;CALDAS DE REIS;CASTELLON;Cualquiera;64.91;;2026-07-16;171;2026-08-04T09:38:16.597Z;2026-08-04T09:38:16.597Z
FORESA IND.QUIMICAS DEL NOROESTE, S.A.;CALDAS DE REIS;CESURES;COLA;4.27;;2023-10-16;172;2026-08-04T09:38:16.597Z;2026-08-04T09:38:16.597Z
FORESA IND.QUIMICAS DEL NOROESTE, S.A.;CALDAS DE REIS;CESURES;FINCAT;11.06;;2026-01-26;173;2026-08-04T09:38:16.597Z;2026-08-04T09:38:16.597Z
FORESA IND.QUIMICAS DEL NOROESTE, S.A.;CALDAS DE REIS;CIPADE;Cualquiera;34.02;;2024-11-25;174;2026-08-04T09:38:16.597Z;2026-08-04T09:38:16.597Z
FORESA IND.QUIMICAS DEL NOROESTE, S.A.;CALDAS DE REIS;CIUDAD REAL;Cualquiera;56.92;;2026-04-16;175;2026-08-04T09:38:16.597Z;2026-08-04T09:38:16.597Z
FORESA IND.QUIMICAS DEL NOROESTE, S.A.;CALDAS DE REIS;CLARIANT, S.A.;Cualquiera;79.03;;2026-02-09;176;2026-08-04T09:38:16.597Z;2026-08-04T09:38:16.597Z
FORESA IND.QUIMICAS DEL NOROESTE, S.A.;CALDAS DE REIS;COLAS ARTIACH, SL;COLA;;61.48;2025-07-09;177;2026-08-04T09:38:16.597Z;2026-08-04T09:38:16.597Z
FORESA IND.QUIMICAS DEL NOROESTE, S.A.;CALDAS DE REIS;CORDOBA;Cualquiera;68.53;;2026-04-16;178;2026-08-04T09:38:16.597Z;2026-08-04T09:38:16.597Z
FORESA IND.QUIMICAS DEL NOROESTE, S.A.;CALDAS DE REIS;CUENCA;Cualquiera;55.03;;2026-04-16;179;2026-08-04T09:38:16.597Z;2026-08-04T09:38:16.597Z
FORESA IND.QUIMICAS DEL NOROESTE, S.A.;CALDAS DE REIS;DROGAS CONDE, S.A.;Cualquiera;18.61;;2025-09-23;180;2026-08-04T09:38:16.597Z;2026-08-04T09:38:16.597Z
FORESA IND.QUIMICAS DEL NOROESTE, S.A.;CALDAS DE REIS;DROGAS VIGO, S.L.;FORMOL;12.64;;2016-03-02;181;2026-08-04T09:38:16.597Z;2026-08-04T09:38:16.597Z
FORESA IND.QUIMICAS DEL NOROESTE, S.A.;CALDAS DE REIS;DROGAS VIGO, S.L.;METANOL;12.64;;2024-05-14;182;2026-08-04T09:38:16.597Z;2026-08-04T09:38:16.597Z
FORESA IND.QUIMICAS DEL NOROESTE, S.A.;CALDAS DE REIS;EGGER PANNEAUX;Cualquiera;76.5;;2025-12-22;183;2026-08-04T09:38:16.597Z;2026-08-04T09:38:16.597Z
FORESA IND.QUIMICAS DEL NOROESTE, S.A.;CALDAS DE REIS;ENCE;UREA;9.6;;2025-03-10;184;2026-08-04T09:38:16.597Z;2026-08-04T09:38:16.597Z
FORESA IND.QUIMICAS DEL NOROESTE, S.A.;CALDAS DE REIS;FORESA FRANCE SAS;Cualquiera;83.64;;2022-11-22;185;2026-08-04T09:38:16.597Z;2026-08-04T09:38:16.597Z
FORESA IND.QUIMICAS DEL NOROESTE, S.A.;CALDAS DE REIS;GERONA;Cualquiera;78.35;;2026-04-16;186;2026-08-04T09:38:16.597Z;2026-08-04T09:38:16.597Z
FORESA IND.QUIMICAS DEL NOROESTE, S.A.;CALDAS DE REIS;GRANADA;Cualquiera;72.36;;2026-04-16;187;2026-08-04T09:38:16.597Z;2026-08-04T09:38:16.597Z
FORESA IND.QUIMICAS DEL NOROESTE, S.A.;CALDAS DE REIS;GUADALAJARA;Cualquiera;48.17;;2026-04-16;188;2026-08-04T09:38:16.597Z;2026-08-04T09:38:16.597Z
FORESA IND.QUIMICAS DEL NOROESTE, S.A.;CALDAS DE REIS;GUIPUZCOA;Cualquiera;51.79;;2026-04-16;189;2026-08-04T09:38:16.597Z;2026-08-04T09:38:16.597Z
FORESA IND.QUIMICAS DEL NOROESTE, S.A.;CALDAS DE REIS;HELDER ROB.MOREIRA;Cualquiera;34.02;;2026-02-09;190;2026-08-04T09:38:16.597Z;2026-08-04T09:38:16.597Z
FORESA IND.QUIMICAS DEL NOROESTE, S.A.;CALDAS DE REIS;HUELVA;Cualquiera;74.25;;2026-04-16;191;2026-08-04T09:38:16.597Z;2026-08-04T09:38:16.597Z
FORESA IND.QUIMICAS DEL NOROESTE, S.A.;CALDAS DE REIS;HUESCA;Cualquiera;64.1;;2026-04-16;192;2026-08-04T09:38:16.597Z;2026-08-04T09:38:16.597Z
FORESA IND.QUIMICAS DEL NOROESTE, S.A.;CALDAS DE REIS;IND.QUIM.CUADRADO,SA;Cualquiera;39.18;;2021-12-13;193;2026-08-04T09:38:16.597Z;2026-08-04T09:38:16.597Z
FORESA IND.QUIMICAS DEL NOROESTE, S.A.;CALDAS DE REIS;INDUSTRIAS LOSAN;COLA;12.27;;2026-04-16;194;2026-08-04T09:38:16.597Z;2026-08-04T09:38:16.597Z
FORESA IND.QUIMICAS DEL NOROESTE, S.A.;CALDAS DE REIS;INDUSTRIAS LOSAN;FORMOL;15.85;;2023-09-11;195;2026-08-04T09:38:16.597Z;2026-08-04T09:38:16.597Z
FORESA IND.QUIMICAS DEL NOROESTE, S.A.;CALDAS DE REIS;JAEN;Cualquiera;68.47;;2026-04-16;196;2026-08-04T09:38:16.597Z;2026-08-04T09:38:16.597Z
FORESA IND.QUIMICAS DEL NOROESTE, S.A.;CALDAS DE REIS;JP&SB CONVERTING;COLA;79.03;;2023-02-07;197;2026-08-04T09:38:16.597Z;2026-08-04T09:38:16.597Z
FORESA IND.QUIMICAS DEL NOROESTE, S.A.;CALDAS DE REIS;LA RIOJA;Cualquiera;46.93;;2026-07-15;198;2026-08-04T09:38:16.597Z;2026-08-04T09:38:16.597Z
FORESA IND.QUIMICAS DEL NOROESTE, S.A.;CALDAS DE REIS;LEON;Cualquiera;36.18;;2026-04-16;199;2026-08-04T09:38:16.597Z;2026-08-04T09:38:16.597Z
FORESA IND.QUIMICAS DEL NOROESTE, S.A.;CALDAS DE REIS;LERIDA;Cualquiera;64.04;;2026-04-16;200;2026-08-04T09:38:16.597Z;2026-08-04T09:38:16.597Z
FORESA IND.QUIMICAS DEL NOROESTE, S.A.;CALDAS DE REIS;LORCOL;COLA;53.73;;2026-04-14;201;2026-08-04T11:22:35.986Z;2026-08-04T11:22:35.986Z
FORESA IND.QUIMICAS DEL NOROESTE, S.A.;CALDAS DE REIS;LUSO FINSA;COLA;37.15;;2025-09-23;202;2026-08-04T11:22:35.986Z;2026-08-04T11:22:35.986Z
FORESA IND.QUIMICAS DEL NOROESTE, S.A.;CALDAS DE REIS;LUSO FINSA;FINCAT;;37.15;2022-02-14;203;2026-08-04T11:22:35.986Z;2026-08-04T11:22:35.986Z
FORESA IND.QUIMICAS DEL NOROESTE, S.A.;CALDAS DE REIS;MADERAS DE LLODIO,SA;COLA;50.93;;2025-06-16;204;2026-08-04T11:22:35.986Z;2026-08-04T11:22:35.986Z
FORESA IND.QUIMICAS DEL NOROESTE, S.A.;CALDAS DE REIS;MADRID;Cualquiera;44.71;;2026-04-16;205;2026-08-04T11:22:35.986Z;2026-08-04T11:22:35.986Z
FORESA IND.QUIMICAS DEL NOROESTE, S.A.;CALDAS DE REIS;MALAGA;Cualquiera;75.65;;2026-04-16;206;2026-08-04T11:22:35.986Z;2026-08-04T11:22:35.986Z
FORESA IND.QUIMICAS DEL NOROESTE, S.A.;CALDAS DE REIS;MURCIA;Cualquiera;70.63;;2026-04-16;207;2026-08-04T11:22:35.986Z;2026-08-04T11:22:35.986Z
FORESA IND.QUIMICAS DEL NOROESTE, S.A.;CALDAS DE REIS;NAVARRA;Cualquiera;51.79;;2026-04-16;208;2026-08-04T11:22:35.986Z;2026-08-04T11:22:35.986Z
FORESA IND.QUIMICAS DEL NOROESTE, S.A.;CALDAS DE REIS;NEFAB PONTEV. SL;COLA;9.6;;2026-07-15;209;2026-08-04T11:22:35.986Z;2026-08-04T11:22:35.986Z
FORESA IND.QUIMICAS DEL NOROESTE, S.A.;CALDAS DE REIS;OREMBER;COLA;13.85;;2026-07-29;210;2026-08-04T11:22:35.986Z;2026-08-04T11:22:35.986Z
FORESA IND.QUIMICAS DEL NOROESTE, S.A.;CALDAS DE REIS;OREMBER;FINCAT;20.16;;2026-07-29;211;2026-08-04T11:22:35.986Z;2026-08-04T11:22:35.986Z
FORESA IND.QUIMICAS DEL NOROESTE, S.A.;CALDAS DE REIS;PALENCIA;Cualquiera;39.26;;2026-04-16;212;2026-08-04T11:22:35.986Z;2026-08-04T11:22:35.986Z
FORESA IND.QUIMICAS DEL NOROESTE, S.A.;CALDAS DE REIS;REKAR IBERICA, S.A.;Cualquiera;79.03;;2026-02-23;213;2026-08-04T11:22:35.986Z;2026-08-04T11:22:35.986Z
FORESA IND.QUIMICAS DEL NOROESTE, S.A.;CALDAS DE REIS;SALAMANCA;Cualquiera;40.01;;2026-04-16;214;2026-08-04T11:22:35.986Z;2026-08-04T11:22:35.986Z
FORESA IND.QUIMICAS DEL NOROESTE, S.A.;CALDAS DE REIS;SEGOVIA;Cualquiera;42.5;;2026-04-16;215;2026-08-04T11:22:35.986Z;2026-08-04T11:22:35.986Z
FORESA IND.QUIMICAS DEL NOROESTE, S.A.;CALDAS DE REIS;SEVILLA;Cualquiera;71.28;;2026-04-16;216;2026-08-04T11:22:35.986Z;2026-08-04T11:22:35.986Z
FORESA IND.QUIMICAS DEL NOROESTE, S.A.;CALDAS DE REIS;SONAE ARAUCO, SL;Cualquiera;38.83;;2022-11-29;217;2026-08-04T11:22:35.986Z;2026-08-04T11:22:35.986Z
FORESA IND.QUIMICAS DEL NOROESTE, S.A.;CALDAS DE REIS;SORIA;Cualquiera;49.3;;2026-04-16;218;2026-08-04T11:22:35.986Z;2026-08-04T11:22:35.986Z
FORESA IND.QUIMICAS DEL NOROESTE, S.A.;CALDAS DE REIS;T.HISPANOS, SLU.;COLA;14.61;;2015-09-21;219;2026-08-04T11:22:35.986Z;2026-08-04T11:22:35.986Z
FORESA IND.QUIMICAS DEL NOROESTE, S.A.;CALDAS DE REIS;TABLESTUY, S.L.;COLA;14.45;;2025-06-16;220;2026-08-04T11:22:35.986Z;2026-08-04T11:22:35.986Z
FORESA IND.QUIMICAS DEL NOROESTE, S.A.;CALDAS DE REIS;TARRAGONA;Cualquiera;72.36;;2026-08-03;221;2026-08-04T11:22:35.986Z;2026-08-04T11:22:35.986Z
FORESA IND.QUIMICAS DEL NOROESTE, S.A.;CALDAS DE REIS;TERMOLAN, S.A.;COLA;28.89;;2026-08-03;222;2026-08-04T11:22:35.986Z;2026-08-04T11:22:35.986Z
FORESA IND.QUIMICAS DEL NOROESTE, S.A.;CALDAS DE REIS;TERUEL;Cualquiera;56;;2026-08-03;223;2026-08-04T11:22:35.986Z;2026-08-04T11:22:35.986Z
FORESA IND.QUIMICAS DEL NOROESTE, S.A.;CALDAS DE REIS;TOLEDO;Cualquiera;47.14;;2026-04-16;224;2026-08-04T11:22:35.986Z;2026-08-04T11:22:35.986Z
FORESA IND.QUIMICAS DEL NOROESTE, S.A.;CALDAS DE REIS;VALENCIA;Cualquiera;64.04;;2026-08-03;225;2026-08-04T11:22:35.986Z;2026-08-04T11:22:35.986Z
FORESA IND.QUIMICAS DEL NOROESTE, S.A.;CALDAS DE REIS;VALLADOLID;Cualquiera;38.66;;2026-06-15;226;2026-08-04T11:22:35.986Z;2026-08-04T11:22:35.986Z
FORESA IND.QUIMICAS DEL NOROESTE, S.A.;CALDAS DE REIS;VIZCAYA;Cualquiera;48.87;;2026-04-16;227;2026-08-04T11:22:35.986Z;2026-08-04T11:22:35.986Z
FORESA IND.QUIMICAS DEL NOROESTE, S.A.;CALDAS DE REIS;ZAMORA;Cualquiera;37.26;;2026-04-16;228;2026-08-04T11:22:35.986Z;2026-08-04T11:22:35.986Z
FORESA IND.QUIMICAS DEL NOROESTE, S.A.;CALDAS DE REIS;ZARAGOZA;Cualquiera;54.81;;2026-04-16;229;2026-08-04T11:22:35.986Z;2026-08-04T11:22:35.986Z
FORESA IND.QUIMICAS DEL NOROESTE, S.A.;CALDAS DE REIS;ZNDS TABLEROS, S.L.;COLA;14.45;;2026-07-17;230;2026-08-04T11:22:35.986Z;2026-08-04T11:22:35.986Z
FORESA IND.QUIMICAS DEL NOROESTE, S.A.;CANTABRIA;CALDAS DE REIS;Cualquiera;38.39;;2026-04-16;231;2026-08-04T11:22:35.986Z;2026-08-04T11:22:35.986Z
FORESA IND.QUIMICAS DEL NOROESTE, S.A.;CASTELLON;CALDAS DE REIS;Cualquiera;64.91;;2026-04-16;232;2026-08-04T11:22:35.986Z;2026-08-04T11:22:35.986Z
FORESA IND.QUIMICAS DEL NOROESTE, S.A.;CIUDAD REAL;CALDAS DE REIS;Cualquiera;56.92;;2026-04-16;233;2026-08-04T11:22:35.986Z;2026-08-04T11:22:35.986Z
FORESA IND.QUIMICAS DEL NOROESTE, S.A.;CORDOBA;CALDAS DE REIS;Cualquiera;68.53;;2026-04-16;234;2026-08-04T11:22:35.986Z;2026-08-04T11:22:35.986Z
FORESA IND.QUIMICAS DEL NOROESTE, S.A.;CUENCA;CALDAS DE REIS;Cualquiera;55.03;;2026-04-16;235;2026-08-04T11:22:35.986Z;2026-08-04T11:22:35.986Z
FORESA IND.QUIMICAS DEL NOROESTE, S.A.;FORESA FRANCE SAS;CALDAS DE REIS;COLA;83.64;;2026-04-16;236;2026-08-04T11:22:35.986Z;2026-08-04T11:22:35.986Z
FORESA IND.QUIMICAS DEL NOROESTE, S.A.;GERONA;CALDAS DE REIS;Cualquiera;78.35;;2026-04-16;237;2026-08-04T11:22:35.986Z;2026-08-04T11:22:35.986Z
FORESA IND.QUIMICAS DEL NOROESTE, S.A.;GRANADA;CALDAS DE REIS;Cualquiera;72.36;;2026-04-16;238;2026-08-04T11:22:35.986Z;2026-08-04T11:22:35.986Z
FORESA IND.QUIMICAS DEL NOROESTE, S.A.;GUADALAJARA;CALDAS DE REIS;Cualquiera;48.17;;2026-04-16;239;2026-08-04T11:22:35.986Z;2026-08-04T11:22:35.986Z
FORESA IND.QUIMICAS DEL NOROESTE, S.A.;GUIPUZCOA;CALDAS DE REIS;Cualquiera;51.79;;2026-04-16;240;2026-08-04T11:22:35.986Z;2026-08-04T11:22:35.986Z
FORESA IND.QUIMICAS DEL NOROESTE, S.A.;HUELVA;CALDAS DE REIS;Cualquiera;74.25;;2026-04-16;241;2026-08-04T11:22:35.986Z;2026-08-04T11:22:35.986Z
FORESA IND.QUIMICAS DEL NOROESTE, S.A.;HUELVA;CALDAS DE REIS;FENOL FUNDIDO;83.75;;2026-08-03;242;2026-08-04T11:22:35.986Z;2026-08-04T11:22:35.986Z
FORESA IND.QUIMICAS DEL NOROESTE, S.A.;HUESCA;CALDAS DE REIS;Cualquiera;64.1;;2026-04-16;243;2026-08-04T11:22:35.986Z;2026-08-04T11:22:35.986Z
FORESA IND.QUIMICAS DEL NOROESTE, S.A.;JAEN;CALDAS DE REIS;Cualquiera;68.47;;2026-04-16;244;2026-08-04T11:22:35.986Z;2026-08-04T11:22:35.986Z
FORESA IND.QUIMICAS DEL NOROESTE, S.A.;LA RIOJA;CALDAS DE REIS;Cualquiera;46.93;;2026-07-15;245;2026-08-04T11:22:35.986Z;2026-08-04T11:22:35.986Z
FORESA IND.QUIMICAS DEL NOROESTE, S.A.;LEON;CALDAS DE REIS;Cualquiera;36.18;;2026-04-16;246;2026-08-04T11:22:35.986Z;2026-08-04T11:22:35.986Z
FORESA IND.QUIMICAS DEL NOROESTE, S.A.;LERIDA;CALDAS DE REIS;Cualquiera;64.04;;2026-04-16;247;2026-08-04T11:22:35.986Z;2026-08-04T11:22:35.986Z
FORESA IND.QUIMICAS DEL NOROESTE, S.A.;MADRID;CALDAS DE REIS;Cualquiera;44.71;;2026-04-16;248;2026-08-04T11:22:35.986Z;2026-08-04T11:22:35.986Z
FORESA IND.QUIMICAS DEL NOROESTE, S.A.;MALAGA;CALDAS DE REIS;Cualquiera;75.65;;2026-04-16;249;2026-08-04T11:22:35.986Z;2026-08-04T11:22:35.986Z
FORESA IND.QUIMICAS DEL NOROESTE, S.A.;MUGARDOS;CALDAS DE REIS;METANOL;17.79;;2023-12-26;250;2026-08-04T11:22:35.986Z;2026-08-04T11:22:35.986Z
FORESA IND.QUIMICAS DEL NOROESTE, S.A.;MURCIA;CALDAS DE REIS;Cualquiera;70.63;;2026-04-16;251;2026-08-04T11:22:35.986Z;2026-08-04T11:22:35.986Z
FORESA IND.QUIMICAS DEL NOROESTE, S.A.;NAVARRA;CALDAS DE REIS;Cualquiera;51.79;;2026-04-16;252;2026-08-04T11:22:35.986Z;2026-08-04T11:22:35.986Z
FORESA IND.QUIMICAS DEL NOROESTE, S.A.;PALENCIA;CALDAS DE REIS;Cualquiera;39.26;;2026-04-16;253;2026-08-04T11:22:35.986Z;2026-08-04T11:22:35.986Z
FORESA IND.QUIMICAS DEL NOROESTE, S.A.;SALAMANCA;CALDAS DE REIS;Cualquiera;40.01;;2026-04-16;254;2026-08-04T11:22:35.986Z;2026-08-04T11:22:35.986Z
FORESA IND.QUIMICAS DEL NOROESTE, S.A.;SANTANDER;CALDAS DE REIS;UAN-32;35.42;;2024-08-12;255;2026-08-04T11:22:35.986Z;2026-08-04T11:22:35.986Z
FORESA IND.QUIMICAS DEL NOROESTE, S.A.;SEGOVIA;CALDAS DE REIS;Cualquiera;42.5;;2026-04-16;256;2026-08-04T11:22:35.986Z;2026-08-04T11:22:35.986Z
FORESA IND.QUIMICAS DEL NOROESTE, S.A.;SEVILLA;CALDAS DE REIS;Cualquiera;71.28;;2026-04-16;257;2026-08-04T11:22:35.986Z;2026-08-04T11:22:35.986Z
FORESA IND.QUIMICAS DEL NOROESTE, S.A.;SORIA;CALDAS DE REIS;Cualquiera;49.3;;2026-04-16;258;2026-08-04T11:22:35.986Z;2026-08-04T11:22:35.986Z
FORESA IND.QUIMICAS DEL NOROESTE, S.A.;TARRAGONA;CALDAS DE REIS;Cualquiera;72.36;;2026-04-16;259;2026-08-04T11:22:35.986Z;2026-08-04T11:22:35.986Z
FORESA IND.QUIMICAS DEL NOROESTE, S.A.;TARRAGONA;CALDAS DE REIS;DIETILENGLICOL;72.36;;2026-08-03;260;2026-08-04T11:22:35.986Z;2026-08-04T11:22:35.986Z
FORESA IND.QUIMICAS DEL NOROESTE, S.A.;TERUEL;CALDAS DE REIS;Cualquiera;56;;2026-05-06;261;2026-08-04T11:22:35.986Z;2026-08-04T11:22:35.986Z
FORESA IND.QUIMICAS DEL NOROESTE, S.A.;TERUEL;CALDAS DE REIS;VACIO;;1.47;2026-04-16;262;2026-08-04T11:22:35.986Z;2026-08-04T11:22:35.986Z
FORESA IND.QUIMICAS DEL NOROESTE, S.A.;TOLEDO;CALDAS DE REIS;Cualquiera;47.14;;2026-04-16;263;2026-08-04T11:22:35.986Z;2026-08-04T11:22:35.986Z
FORESA IND.QUIMICAS DEL NOROESTE, S.A.;VALENCIA;CALDAS DE REIS;Cualquiera;64.04;;2026-04-16;264;2026-08-04T11:22:35.986Z;2026-08-04T11:22:35.986Z
FORESA IND.QUIMICAS DEL NOROESTE, S.A.;VALLADOLID;CALDAS DE REIS;Cualquiera;38.66;;2026-04-16;265;2026-08-04T11:22:35.986Z;2026-08-04T11:22:35.986Z
FORESA IND.QUIMICAS DEL NOROESTE, S.A.;VILLAGARCIA;ASTURIAS;METANOL;33.1;;2026-07-16;266;2026-08-04T11:22:35.986Z;2026-08-04T11:22:35.986Z
FORESA IND.QUIMICAS DEL NOROESTE, S.A.;VILLAGARCIA;AVEIRO;METANOL;32.13;;2026-02-23;267;2026-08-04T11:22:35.986Z;2026-08-04T11:22:35.986Z
FORESA IND.QUIMICAS DEL NOROESTE, S.A.;VILLAGARCIA;CALDAS DE REIS;METANOL;3.68;;2026-07-29;268;2026-08-04T11:22:35.986Z;2026-08-04T11:22:35.986Z
FORESA IND.QUIMICAS DEL NOROESTE, S.A.;VILLAGARCIA;DROGAS VIGO, S.L.;METANOL;12.64;;2026-07-21;269;2026-08-04T11:22:35.986Z;2026-08-04T11:22:35.986Z
FORESA IND.QUIMICAS DEL NOROESTE, S.A.;VILLAGARCIA;IND.QUIM.CUADRADO,SA;METANOL;39.18;;2026-03-21;270;2026-08-04T11:22:35.986Z;2026-08-04T11:22:35.986Z
FORESA IND.QUIMICAS DEL NOROESTE, S.A.;VILLAGARCIA;VALLADOLID;METANOL;38.66;;2026-07-22;271;2026-08-04T11:22:35.986Z;2026-08-04T11:22:35.986Z
FORESA IND.QUIMICAS DEL NOROESTE, S.A.;VIZCAYA;CALDAS DE REIS;Cualquiera;48.87;;2026-04-16;272;2026-08-04T11:22:35.986Z;2026-08-04T11:22:35.986Z
FORESA IND.QUIMICAS DEL NOROESTE, S.A.;ZAMORA;CALDAS DE REIS;Cualquiera;37.26;;2026-04-16;273;2026-08-04T11:22:35.986Z;2026-08-04T11:22:35.986Z
FORESA IND.QUIMICAS DEL NOROESTE, S.A.;ZARAGOZA;CALDAS DE REIS;Cualquiera;54.81;;2026-04-16;274;2026-08-04T11:22:35.986Z;2026-08-04T11:22:35.986Z
FORESTAL DEL ATLANTICO, S.A.;MUGARDOS;CASTELLON;METANOL;;60;2013-12-17;275;2026-08-04T11:22:35.986Z;2026-08-04T11:22:35.986Z
FORESTAL DEL ATLANTICO, S.A.;MUGARDOS;LEGUTIANO;COLA;;38;2013-10-23;276;2026-08-04T11:22:35.986Z;2026-08-04T11:22:35.986Z
FORESTAL DEL ATLANTICO, S.A.;MUGARDOS;MAGNE (FR);COLA;;1900;2026-07-16;277;2026-08-04T11:22:35.986Z;2026-08-04T11:22:35.986Z
FORESTAL DEL ATLANTICO, S.A.;MUGARDOS;OLIVEIRA HOSPITAL;COLA;;30;2020-06-17;278;2026-08-04T11:22:35.986Z;2026-08-04T11:22:35.986Z
FORESTAL DEL ATLANTICO, S.A.;MUGARDOS;SEVILLA;METANOL;;1250;2020-10-13;279;2026-08-04T11:22:35.986Z;2026-08-04T11:22:35.986Z
FORESTAL DEL ATLANTICO, S.A.;MUGARDOS;SILLA;COLA;;1200;2017-04-28;280;2026-08-04T11:22:35.986Z;2026-08-04T11:22:35.986Z
FORESTAL DEL ATLANTICO, S.A.;MUGARDOS;VIGO;METANOL;;430;2015-11-21;281;2026-08-04T11:22:35.986Z;2026-08-04T11:22:35.986Z
FOSROC EUCO, S.A.;SALCEDO;FERROL;ADITIVO;;760;;282;2026-08-04T11:22:35.986Z;2026-08-04T11:22:35.986Z
GALLEGA INTEGRAL DE RESIDUOS, S.L.;ZARAGOZA;PORRIÑO;Cualquiera;;1745;2023-01-16;283;2026-08-04T11:22:35.986Z;2026-08-04T11:22:35.986Z
HELM IBERICA, S.A.;BARCELONA;AMBARES;DIETILENGLICOL;;1350;;284;2026-08-04T11:22:35.986Z;2026-08-04T11:22:35.986Z
HELM IBERICA, S.A.;BARCELONA;ANDOAIN;Cualquiera;;1107;2026-02-01;285;2026-08-04T11:22:35.986Z;2026-08-04T11:22:35.986Z
HELM IBERICA, S.A.;BARCELONA;EVORA (PT);Cualquiera;;2101;2025-05-05;286;2026-08-04T11:22:35.986Z;2026-08-04T11:22:35.986Z
HELM IBERICA, S.A.;BARCELONA;MEM MARTINS (PT);Cualquiera;;2101;2026-02-01;287;2026-08-04T11:22:35.986Z;2026-08-04T11:22:35.986Z
HELM IBERICA, S.A.;BILBAO;MONZON (HUESCA);Cualquiera;;824;2026-02-01;288;2026-08-04T11:22:35.986Z;2026-08-04T11:22:35.986Z
HELM IBERICA, S.A.;BILBAO;MONZON (HUESCA);SOSA;;764.75;2026-01-01;289;2026-08-04T11:22:35.986Z;2026-08-04T11:22:35.986Z
HELM IBERICA, S.A.;SANTANDER;CALDAS DE REIS;Cualquiera;;844;2024-06-21;290;2026-08-04T11:22:35.986Z;2026-08-04T11:22:35.986Z
HELM IBERICA, S.A.;SANTANDER;PADRON;Cualquiera;;844;2026-02-01;291;2026-08-04T11:22:35.986Z;2026-08-04T11:22:35.986Z
HELM IBERICA, S.A.;SANTANDER;VALGA;Cualquiera;;844;2026-02-01;292;2026-08-04T11:22:35.986Z;2026-08-04T11:22:35.986Z
HELM IBERICA, S.A.;TARRAGONA;ALTORRICON (HU);Cualquiera;;381;2026-02-01;293;2026-08-04T11:22:35.986Z;2026-08-04T11:22:35.986Z
HELM IBERICA, S.A.;TARRAGONA;CALDAS DE REIS;Cualquiera;;1935;2026-03-03;294;2026-08-04T11:22:35.986Z;2026-08-04T11:22:35.986Z
HELM IBERICA, S.A.;TARRAGONA;EVORA (PT);Cualquiera;;2101;2026-02-01;295;2026-08-04T11:22:35.986Z;2026-08-04T11:22:35.986Z
HELM IBERICA, S.A.;TARRAGONA;MAIA;Cualquiera;;2000;2026-02-01;296;2026-08-04T11:22:35.986Z;2026-08-04T11:22:35.986Z
HELM IBERICA, S.A.;TARRAGONA;MEM MARTINS (PT);Cualquiera;;2101;2025-07-09;297;2026-08-04T11:22:35.986Z;2026-08-04T11:22:35.986Z
HELM IBERICA, S.A.;TARRAGONA;MINDELO;Cualquiera;;2000;2025-12-22;298;2026-08-04T11:22:35.986Z;2026-08-04T11:22:35.986Z
HELM IBERICA, S.A.;TARRAGONA;PORTALEGRE;Cualquiera;;2069;2025-11-24;299;2026-08-04T11:22:35.986Z;2026-08-04T11:22:35.986Z
HELM IBERICA, S.A.;TARRAGONA;TOLEDO;Cualquiera;;1050;;300;2026-08-04T11:22:35.986Z;2026-08-04T11:22:35.986Z
HELM IBERICA, S.A.;TARRAGONA;TUDELA;Cualquiera;;721;2026-02-01;301;2026-08-04T11:27:07.816Z;2026-08-04T11:27:07.816Z
HELM IBERICA, S.A.;TARRAGONA;ZIERBANA;Cualquiera;;1076;2026-02-01;302;2026-08-04T11:27:07.816Z;2026-08-04T11:27:07.816Z
HELM IBERICA, S.A.;ZIERBANA;ASTURIAS;Cualquiera;;600;2026-02-01;303;2026-08-04T11:27:07.816Z;2026-08-04T11:27:07.816Z
HELM IBERICA, S.A.;ZIERBANA;CALDAS DE REIS;Cualquiera;;970;2026-02-01;304;2026-08-04T11:27:07.816Z;2026-08-04T11:27:07.816Z
HELM IBERICA, S.A.;ZIERBANA;GAZANHA DE NAZARET (PT);Cualquiera;;1219;2025-02-01;305;2026-08-04T11:27:07.816Z;2026-08-04T11:27:07.816Z
HELM IBERICA, S.A.;ZIERBANA;LUGO;Cualquiera;;844;2026-02-01;306;2026-08-04T11:27:07.816Z;2026-08-04T11:27:07.816Z
HELM IBERICA, S.A.;ZIERBANA;PADRON;Cualquiera;;970;2024-05-27;307;2026-08-04T11:27:07.816Z;2026-08-04T11:27:07.816Z
HELM IBERICA, S.A.;ZIERBANA;VALGA;Cualquiera;;970;2025-06-06;308;2026-08-04T11:27:07.816Z;2026-08-04T11:27:07.816Z
HELM PROMAN METHANOL AG;ZIERBANA;AVEIRO;METANOL;;1350;2019-06-14;309;2026-08-04T11:27:07.816Z;2026-08-04T11:27:07.816Z
INCHEMICA INDUSTR.QUIMICA Y ESPECIALIDADES, SA;ALGECIRAS;AZAMBUJA(PT);DISOLVENTE;;1185;2026-01-01;310;2026-08-04T11:27:07.816Z;2026-08-04T11:27:07.816Z
INCHEMICA INDUSTR.QUIMICA Y ESPECIALIDADES, SA;AZAMBUJA(PT);SEVILLA;INOPON;;840;2025-10-10;311;2026-08-04T11:27:07.816Z;2026-08-04T11:27:07.816Z
JOSE LANTERO E HIJOS, S.A.;VILLAGARCIA;AGUEDA;CARTON;;438.04;;312;2026-08-04T11:27:07.816Z;2026-08-04T11:27:07.816Z
JOSE LANTERO E HIJOS, S.A.;VILLAGARCIA;ALMERIA;CARTON;;819;;313;2026-08-04T11:27:07.816Z;2026-08-04T11:27:07.816Z
JOSE LANTERO E HIJOS, S.A.;VILLAGARCIA;ALVERCA;CARTON;;602.97;;314;2026-08-04T11:27:07.816Z;2026-08-04T11:27:07.816Z
JOSE LANTERO E HIJOS, S.A.;VILLAGARCIA;ANLEO;CARTON;;313.1;;315;2026-08-04T11:27:07.816Z;2026-08-04T11:27:07.816Z
JOSE LANTERO E HIJOS, S.A.;VILLAGARCIA;ANLEO-SEVARES;CARTON;;387.35;;316;2026-08-04T11:27:07.816Z;2026-08-04T11:27:07.816Z
JOSE LANTERO E HIJOS, S.A.;VILLAGARCIA;AVINTES;CARTON;;335.22;;317;2026-08-04T11:27:07.816Z;2026-08-04T11:27:07.816Z
JOSE LANTERO E HIJOS, S.A.;VILLAGARCIA;AVIS;CARTON;;636.17;;318;2026-08-04T11:27:07.816Z;2026-08-04T11:27:07.816Z
JOSE LANTERO E HIJOS, S.A.;VILLAGARCIA;BENAVENTE(PORT.);CARTON;;602.97;;319;2026-08-04T11:27:07.816Z;2026-08-04T11:27:07.816Z
JOSE LANTERO E HIJOS, S.A.;VILLAGARCIA;CALDAS RAINHA/AVIS;CARTON;;681.61;;320;2026-08-04T11:27:07.816Z;2026-08-04T11:27:07.816Z
JOSE LANTERO E HIJOS, S.A.;VILLAGARCIA;CALDAS RAINHA/PENICHE;CARTON;;589.05;;321;2026-08-04T11:27:07.816Z;2026-08-04T11:27:07.816Z
JOSE LANTERO E HIJOS, S.A.;VILLAGARCIA;CARREGADO/BENAVENTE;CARTON;;602.97;;322;2026-08-04T11:27:07.816Z;2026-08-04T11:27:07.816Z
JOSE LANTERO E HIJOS, S.A.;VILLAGARCIA;CORDOBA;CARTON;;880;;323;2026-08-04T11:27:07.816Z;2026-08-04T11:27:07.816Z
JOSE LANTERO E HIJOS, S.A.;VILLAGARCIA;CORUÑA;CARTON;;218.2;;324;2026-08-04T11:27:07.816Z;2026-08-04T11:27:07.816Z
JOSE LANTERO E HIJOS, S.A.;VILLAGARCIA;FERREIRA DO ZEZERE;CARTON;;575.13;;325;2026-08-04T11:27:07.816Z;2026-08-04T11:27:07.816Z
JOSE LANTERO E HIJOS, S.A.;VILLAGARCIA;GIJON/ANLEO;CARTON;;340.22;;326;2026-08-04T11:27:07.816Z;2026-08-04T11:27:07.816Z
JOSE LANTERO E HIJOS, S.A.;VILLAGARCIA;HERNANI,ARRIONDAS,SALAS;CARTON;;546.21;;327;2026-08-04T11:27:07.816Z;2026-08-04T11:27:07.816Z
JOSE LANTERO E HIJOS, S.A.;VILLAGARCIA;LEON;CARTON;;350;;328;2026-08-04T11:27:07.816Z;2026-08-04T11:27:07.816Z
JOSE LANTERO E HIJOS, S.A.;VILLAGARCIA;LEON/VALLADOLID;CARTON;;473.62;;329;2026-08-04T11:27:07.816Z;2026-08-04T11:27:07.816Z
JOSE LANTERO E HIJOS, S.A.;VILLAGARCIA;LUGO;CARTON;;274.18;;330;2026-08-04T11:27:07.816Z;2026-08-04T11:27:07.816Z
JOSE LANTERO E HIJOS, S.A.;VILLAGARCIA;MADRID;CARTON;;490.7;;331;2026-08-04T11:27:07.816Z;2026-08-04T11:27:07.816Z
JOSE LANTERO E HIJOS, S.A.;VILLAGARCIA;MALVEIRA;CARTON;;636.17;;332;2026-08-04T11:27:07.816Z;2026-08-04T11:27:07.816Z
JOSE LANTERO E HIJOS, S.A.;VILLAGARCIA;MODIVAS;CARTON;;322.37;;333;2026-08-04T11:27:07.816Z;2026-08-04T11:27:07.816Z
JOSE LANTERO E HIJOS, S.A.;VILLAGARCIA;NAVIA-SEVARES;CARTON;;382.35;;334;2026-08-04T11:27:07.816Z;2026-08-04T11:27:07.816Z
JOSE LANTERO E HIJOS, S.A.;VILLAGARCIA;O PORTO;CARTON;;317.38;;335;2026-08-04T11:27:07.816Z;2026-08-04T11:27:07.816Z
JOSE LANTERO E HIJOS, S.A.;VILLAGARCIA;OLIVEIRA AZEMEIS;CARTON;;386.63;;336;2026-08-04T11:27:07.816Z;2026-08-04T11:27:07.816Z
JOSE LANTERO E HIJOS, S.A.;VILLAGARCIA;PONTECESURES;CARTON;;96.6;;337;2026-08-04T11:27:07.816Z;2026-08-04T11:27:07.816Z
JOSE LANTERO E HIJOS, S.A.;VILLAGARCIA;PONTEVEDRA;CARTON;;164.36;;338;2026-08-04T11:27:07.816Z;2026-08-04T11:27:07.816Z
JOSE LANTERO E HIJOS, S.A.;VILLAGARCIA;RIBEIRA;CARTON;;117.82;;339;2026-08-04T11:27:07.816Z;2026-08-04T11:27:07.816Z
JOSE LANTERO E HIJOS, S.A.;VILLAGARCIA;SALAS;CARTON;;382.35;;340;2026-08-04T11:27:07.816Z;2026-08-04T11:27:07.816Z
JOSE LANTERO E HIJOS, S.A.;VILLAGARCIA;SALAS/ANLEO;CARTON;;382.35;;341;2026-08-04T11:27:07.816Z;2026-08-04T11:27:07.816Z
JOSE LANTERO E HIJOS, S.A.;VILLAGARCIA;SALAS/GIJON;CARTON;;382.35;;342;2026-08-04T11:27:07.816Z;2026-08-04T11:27:07.816Z
JOSE LANTERO E HIJOS, S.A.;VILLAGARCIA;SALAS/SEVARES;CARTON;;396.27;;343;2026-08-04T11:27:07.816Z;2026-08-04T11:27:07.816Z
JOSE LANTERO E HIJOS, S.A.;VILLAGARCIA;SANTAREM;CARTON;;636.17;;344;2026-08-04T11:27:07.816Z;2026-08-04T11:27:07.816Z
JOSE LANTERO E HIJOS, S.A.;VILLAGARCIA;SETUBAL/BENAVENTE;CARTON;;655.45;;345;2026-08-04T11:27:07.816Z;2026-08-04T11:27:07.816Z
JOSE LANTERO E HIJOS, S.A.;VILLAGARCIA;SEVARES;CARTON;;387.35;;346;2026-08-04T11:27:07.816Z;2026-08-04T11:27:07.816Z
JOSE LANTERO E HIJOS, S.A.;VILLAGARCIA;T.VEDRAS;CARTON;;655.45;;347;2026-08-04T11:27:07.816Z;2026-08-04T11:27:07.816Z
JOSE LANTERO E HIJOS, S.A.;VILLAGARCIA;TOCHA;CARTON;;476.6;;348;2026-08-04T11:27:07.816Z;2026-08-04T11:27:07.816Z
JOSE LANTERO E HIJOS, S.A.;VILLAGARCIA;VALGA;CARTON;;87.82;;349;2026-08-04T11:27:07.816Z;2026-08-04T11:27:07.816Z
JOSE LANTERO E HIJOS, S.A.;VILLAGARCIA;VALLADOLID;CARTON;;418.76;;350;2026-08-04T11:27:07.816Z;2026-08-04T11:27:07.816Z
JOSE LANTERO E HIJOS, S.A.;VILLAGARCIA;VALLADOLID-MADRID;CARTON;;483.02;;351;2026-08-04T11:27:07.816Z;2026-08-04T11:27:07.816Z
JOSE LANTERO E HIJOS, S.A.;VILLAGARCIA;VALLADOLID/CORDOBA;CARTON;;772.19;;352;2026-08-04T11:27:07.816Z;2026-08-04T11:27:07.816Z
JOSE LANTERO E HIJOS, S.A.;VILLAGARCIA;VIGO;CARTON;;160.22;;353;2026-08-04T11:27:07.816Z;2026-08-04T11:27:07.816Z
JOSE LANTERO E HIJOS, S.A.;VILLAGARCIA;VILLAVICIOSA/SALAS;CARTON;;382.35;;354;2026-08-04T11:27:07.816Z;2026-08-04T11:27:07.816Z
JOSE LANTERO E HIJOS, S.A.;VILLAGARCIA;VIZCAYA;CARTON;;546.91;;355;2026-08-04T11:27:07.816Z;2026-08-04T11:27:07.816Z
JOSE LANTERO E HIJOS, S.A.;VILLAGARCIA;ZAMORA;CARTON;;455.33;;356;2026-08-04T11:27:07.816Z;2026-08-04T11:27:07.816Z
JOSE LANTERO E HIJOS, S.A.;VILLAGARCIA;ZAMORA-VALLADOLID;CARTON;;450.89;;357;2026-08-04T11:27:07.816Z;2026-08-04T11:27:07.816Z
KEMEGAL QUIMICOS, S.L.;POL.IND. A LAXE;POL.IND.POUSADOIRO;SOSA;;250;2014-10-10;358;2026-08-04T11:27:07.816Z;2026-08-04T11:27:07.816Z
LIQUIADUBOS, LDA;SEVILLA;FERREIRA DE ALENTEJO;ACIDO FOSFORICO;;650;2026-03-05;359;2026-08-04T11:27:07.816Z;2026-08-04T11:27:07.816Z
LOGISTICA NARON, S.L.;MADRID;SANTIAGO;VARIOS;;450;;360;2026-08-04T11:27:07.816Z;2026-08-04T11:27:07.816Z
LOGISTICA NARON, S.L.;MADRID;VIGO;REPARTOS;;30;;361;2026-08-04T11:27:07.816Z;2026-08-04T11:27:07.816Z
LOGISTICA NARON, S.L.;MADRID;VIGO;VARIOS;;470;;362;2026-08-04T11:27:07.816Z;2026-08-04T11:27:07.816Z
LOGISTICA NARON, S.L.;MADRID;VIGO,SANTIAGO;VARIOS;;520;;363;2026-08-04T11:27:07.816Z;2026-08-04T11:27:07.816Z
MARCELINO ARES, S.L.;BURGOS;PONTEVEDRA;PATATAS;;24;2019-02-19;364;2026-08-04T11:27:07.816Z;2026-08-04T11:27:07.816Z
MARCELINO ARES, S.L.;QUINCOCES YUSO;PONTEVEDRA;PATATAS;;24;2018-03-26;365;2026-08-04T11:27:07.816Z;2026-08-04T11:27:07.816Z
MARCELINO ARES, S.L.;VALLADOLID;PONTEVEDRA;PIENSO;;400;2020-02-10;366;2026-08-04T11:27:07.816Z;2026-08-04T11:27:07.816Z
PEGAMENTOS DEL NOROESTE, S.A.;CALDAS DE REIS;CURTIS;PRODUCTO ADR;15.54;;2025-01-14;367;2026-08-04T11:27:07.816Z;2026-08-04T11:27:07.816Z
PEGAMENTOS DEL NOROESTE, S.A.;CALDAS DE REIS;CURTIS;PRODUCTO NO ADR;12.03;;2025-01-14;368;2026-08-04T11:27:07.816Z;2026-08-04T11:27:07.816Z
PEGAMENTOS DEL NOROESTE, S.A.;TARRAGONA;CUNTIS;Cualquiera;;1650;2022-12-13;369;2026-08-04T11:27:07.816Z;2026-08-04T11:27:07.816Z
PEÑA BURELA, S.A.;ALAVA;BURGOS;GLICOL;;230;;370;2026-08-04T11:27:07.816Z;2026-08-04T11:27:07.816Z
PEÑA BURELA, S.A.;CHIVA;CORUÑA;CARBOMAP;;1250;;371;2026-08-04T11:27:07.816Z;2026-08-04T11:27:07.816Z
PREZERO GESTION DE RESIDUOS, S.A.;PORRIÑO;SOLOGAS (AS SOMOZAS);RES.COD.LER 190814;;565.95;2025-04-21;372;2026-08-04T11:27:07.816Z;2026-08-04T11:27:07.816Z
PREZERO GESTION DE RESIDUOS, S.A.;PORRIÑO;TARRAGONA;RES.COD.LER 190814;;1800;2026-02-01;373;2026-08-04T11:27:07.816Z;2026-08-04T11:27:07.816Z
PREZERO GESTION DE RESIDUOS, S.A.;VILANOVA AROUSA;AS SOMOZAS;RESID.BIODEGRADABLES;;514.5;2026-03-05;374;2026-08-04T11:27:07.816Z;2026-08-04T11:27:07.816Z
QUIMICAS DEL JARAMA, S.A.;MADRID;ASTURIAS;Cualquiera;37.08;;2026-02-01;375;2026-08-04T11:27:07.816Z;2026-08-04T11:27:07.816Z
QUIMICAS DEL JARAMA, S.A.;MADRID;BADAJOZ;Cualquiera;34.51;;2026-02-01;376;2026-08-04T11:27:07.816Z;2026-08-04T11:27:07.816Z
QUIMICAS DEL JARAMA, S.A.;MADRID;BARCELONA;Cualquiera;49.96;;2026-02-01;377;2026-08-04T11:27:07.816Z;2026-08-04T11:27:07.816Z
QUIMICAS DEL JARAMA, S.A.;MADRID;CACERES;Cualquiera;29.87;;2026-02-01;378;2026-08-04T11:27:07.816Z;2026-08-04T11:27:07.816Z
QUIMICAS DEL JARAMA, S.A.;MADRID;CORDOBA;Cualquiera;33.48;;2026-02-01;379;2026-08-04T11:27:07.816Z;2026-08-04T11:27:07.816Z
QUIMICAS DEL JARAMA, S.A.;MADRID;CORUÑA;Cualquiera;49.44;;2026-02-01;380;2026-08-04T11:27:07.816Z;2026-08-04T11:27:07.816Z
QUIMICAS DEL JARAMA, S.A.;MADRID;LANDIN (PT);Cualquiera;46.35;;2026-02-01;381;2026-08-04T11:27:07.816Z;2026-08-04T11:27:07.816Z
QUIMICAS DEL JARAMA, S.A.;MADRID;LEON;Cualquiera;30.9;;2026-02-01;382;2026-08-04T11:27:07.816Z;2026-08-04T11:27:07.816Z
QUIMICAS DEL JARAMA, S.A.;MADRID;LUGO;Cualquiera;48.5;;2026-02-01;383;2026-08-04T11:27:07.816Z;2026-08-04T11:27:07.816Z
QUIMICAS DEL JARAMA, S.A.;MADRID;NAVARRA;Cualquiera;31.16;;2026-02-01;384;2026-08-04T11:27:07.816Z;2026-08-04T11:27:07.816Z
QUIMICAS DEL JARAMA, S.A.;MADRID;ORENSE;Cualquiera;42.75;;2026-02-01;385;2026-08-04T11:27:07.816Z;2026-08-04T11:27:07.816Z
QUIMICAS DEL JARAMA, S.A.;MADRID;PONTEVEDRA;Cualquiera;48.5;;2026-02-01;386;2026-08-04T11:27:07.816Z;2026-08-04T11:27:07.816Z
QUIMICAS DEL JARAMA, S.A.;MADRID;SANTIAGO;Cualquiera;48.5;;2026-02-01;387;2026-08-04T11:27:07.816Z;2026-08-04T11:27:07.816Z
QUIMICAS DEL JARAMA, S.A.;MADRID;SEVILLA;Cualquiera;44.81;;2026-02-01;388;2026-08-04T11:27:07.816Z;2026-08-04T11:27:07.816Z
QUIMICAS DEL JARAMA, S.A.;MADRID;TARRAGONA;Cualquiera;42.75;;2026-02-01;389;2026-08-04T11:27:07.816Z;2026-08-04T11:27:07.816Z
QUIMICAS DEL JARAMA, S.A.;MADRID;VALENCIA;Cualquiera;30.9;;2026-02-01;390;2026-08-04T11:27:07.816Z;2026-08-04T11:27:07.816Z
QUIMICAS DEL JARAMA, S.A.;MADRID;VIGO;Cualquiera;48.5;;2026-02-01;391;2026-08-04T11:27:07.816Z;2026-08-04T11:27:07.816Z
QUIMICAS DEL JARAMA, S.A.;MADRID;VIZCAYA;Cualquiera;30.9;;2026-02-01;392;2026-08-04T11:27:07.816Z;2026-08-04T11:27:07.816Z
QUIMIDROGA PORTUGAL, LDA;TARRAGONA;COIMBRA;MONOETILENGLICOL;80.8;;2026-03-24;393;2026-08-04T11:27:07.816Z;2026-08-04T11:27:07.816Z
QUIMIDROGA, S.A.;BARCELONA;ABRANTES (PT);Cualquiera;88.25;;2026-01-15;394;2026-08-04T11:27:07.816Z;2026-08-04T11:27:07.816Z
QUIMIDROGA, S.A.;BARCELONA;ALBACETE;Cualquiera;38.29;;2026-01-15;395;2026-08-04T11:27:07.816Z;2026-08-04T11:27:07.816Z
QUIMIDROGA, S.A.;BARCELONA;ALICANTE;Cualquiera;46.61;;2026-01-15;396;2026-08-04T11:27:07.816Z;2026-08-04T11:27:07.816Z
QUIMIDROGA, S.A.;BARCELONA;ALJUSTREL (PT);Cualquiera;88.25;;2026-01-15;397;2026-08-04T11:27:07.816Z;2026-08-04T11:27:07.816Z
QUIMIDROGA, S.A.;BARCELONA;ALMADA (PT);Cualquiera;88.25;;2026-01-15;398;2026-08-04T11:27:07.816Z;2026-08-04T11:27:07.816Z
QUIMIDROGA, S.A.;BARCELONA;ALMERIA;Cualquiera;59.81;;2026-01-15;399;2026-08-04T11:27:07.816Z;2026-08-04T11:27:07.816Z
QUIMIDROGA, S.A.;BARCELONA;ALMODOVAR (PT);Cualquiera;88.25;;2026-01-15;400;2026-08-04T11:27:07.816Z;2026-08-04T11:27:07.816Z
QUIMIDROGA, S.A.;BARCELONA;AMADORA (PT);Cualquiera;88.25;;2026-01-15;401;2026-08-04T11:28:21.599Z;2026-08-04T11:28:21.599Z
QUIMIDROGA, S.A.;BARCELONA;ARGANIL (PT);Cualquiera;84.68;;2026-01-15;402;2026-08-04T11:28:21.599Z;2026-08-04T11:28:21.599Z
QUIMIDROGA, S.A.;BARCELONA;AVEIRO;Cualquiera;84.68;;2026-08-03;403;2026-08-04T11:28:21.599Z;2026-08-04T11:28:21.599Z
QUIMIDROGA, S.A.;BARCELONA;AVILA;Cualquiera;54.51;;2026-01-15;404;2026-08-04T11:28:21.599Z;2026-08-04T11:28:21.599Z
QUIMIDROGA, S.A.;BARCELONA;BADAJOZ;Cualquiera;77.22;;2026-01-15;405;2026-08-04T11:28:21.599Z;2026-08-04T11:28:21.599Z
QUIMIDROGA, S.A.;BARCELONA;BRAGA (PT);Cualquiera;84.68;;2025-09-15;406;2026-08-04T11:28:21.599Z;2026-08-04T11:28:21.599Z
QUIMIDROGA, S.A.;BARCELONA;BRAGANÇA (PT);Cualquiera;84.68;;2026-01-15;407;2026-08-04T11:28:21.599Z;2026-08-04T11:28:21.599Z
QUIMIDROGA, S.A.;BARCELONA;BURGOS;Cualquiera;48.99;;2026-03-09;408;2026-08-04T11:28:21.599Z;2026-08-04T11:28:21.599Z
QUIMIDROGA, S.A.;BARCELONA;CACERES;Cualquiera;68.78;;2026-01-15;409;2026-08-04T11:28:21.599Z;2026-08-04T11:28:21.599Z
QUIMIDROGA, S.A.;BARCELONA;CADIZ;Cualquiera;84.36;;2026-01-15;410;2026-08-04T11:28:21.599Z;2026-08-04T11:28:21.599Z
QUIMIDROGA, S.A.;BARCELONA;CALDAS DA RAINHA (PT);Cualquiera;88.25;;2026-01-15;411;2026-08-04T11:28:21.599Z;2026-08-04T11:28:21.599Z
QUIMIDROGA, S.A.;BARCELONA;CASTELLON;Cualquiera;21.09;;2026-01-15;412;2026-08-04T11:28:21.599Z;2026-08-04T11:28:21.599Z
QUIMIDROGA, S.A.;BARCELONA;CASTELO BRANCO;Cualquiera;88.25;;2025-01-15;413;2026-08-04T11:28:21.599Z;2026-08-04T11:28:21.599Z
QUIMIDROGA, S.A.;BARCELONA;CASTRO DAIRE(PT);Cualquiera;84.68;;2026-01-15;414;2026-08-04T11:28:21.599Z;2026-08-04T11:28:21.599Z
QUIMIDROGA, S.A.;BARCELONA;CHAVES (PT);Cualquiera;84.68;;2026-01-15;415;2026-08-04T11:28:21.599Z;2026-08-04T11:28:21.599Z
QUIMIDROGA, S.A.;BARCELONA;CIUDAD REAL;Cualquiera;52.45;;2026-01-15;416;2026-08-04T11:28:21.599Z;2026-08-04T11:28:21.599Z
QUIMIDROGA, S.A.;BARCELONA;COIMBRA;Cualquiera;84.68;;2026-01-15;417;2026-08-04T11:28:21.599Z;2026-08-04T11:28:21.599Z
QUIMIDROGA, S.A.;BARCELONA;COMO(IT);Cualquiera;;1812;2026-01-15;418;2026-08-04T11:28:21.599Z;2026-08-04T11:28:21.599Z
QUIMIDROGA, S.A.;BARCELONA;CORDOBA;Cualquiera;64.89;;2026-01-15;419;2026-08-04T11:28:21.599Z;2026-08-04T11:28:21.599Z
QUIMIDROGA, S.A.;BARCELONA;CORUCHE (PT);Cualquiera;88.25;;2026-01-15;420;2026-08-04T11:28:21.599Z;2026-08-04T11:28:21.599Z
QUIMIDROGA, S.A.;BARCELONA;CORUÑA;Cualquiera;79.71;;2026-06-22;421;2026-08-04T11:28:21.599Z;2026-08-04T11:28:21.599Z
QUIMIDROGA, S.A.;BARCELONA;COVILHA (PT);Cualquiera;84.68;;2026-01-15;422;2026-08-04T11:28:21.599Z;2026-08-04T11:28:21.599Z
QUIMIDROGA, S.A.;BARCELONA;CREMONA (IT);Cualquiera;;1785;2026-01-15;423;2026-08-04T11:28:21.599Z;2026-08-04T11:28:21.599Z
QUIMIDROGA, S.A.;BARCELONA;CUENCA;Cualquiera;40.56;;2026-01-15;424;2026-08-04T11:28:21.599Z;2026-08-04T11:28:21.599Z
QUIMIDROGA, S.A.;BARCELONA;ESPINHO;Cualquiera;84.68;;2025-01-15;425;2026-08-04T11:28:21.599Z;2026-08-04T11:28:21.599Z
QUIMIDROGA, S.A.;BARCELONA;ESTREMOZ (PT);Cualquiera;88.25;;2026-01-15;426;2026-08-04T11:28:21.599Z;2026-08-04T11:28:21.599Z
QUIMIDROGA, S.A.;BARCELONA;EVORA (PT);Cualquiera;88.25;;2026-01-15;427;2026-08-04T11:28:21.599Z;2026-08-04T11:28:21.599Z
QUIMIDROGA, S.A.;BARCELONA;FARO ALBUFEIRA;Cualquiera;91.93;;2026-01-15;428;2026-08-04T11:28:21.599Z;2026-08-04T11:28:21.599Z
QUIMIDROGA, S.A.;BARCELONA;FERRARA(IT);Cualquiera;;2098;2026-01-15;429;2026-08-04T11:28:21.599Z;2026-08-04T11:28:21.599Z
QUIMIDROGA, S.A.;BARCELONA;FERREIRA ALENTEJO;Cualquiera;88.25;;2026-01-15;430;2026-08-04T11:28:21.599Z;2026-08-04T11:28:21.599Z
QUIMIDROGA, S.A.;BARCELONA;GRANADA;Cualquiera;64.89;;2026-01-15;431;2026-08-04T11:28:21.599Z;2026-08-04T11:28:21.599Z
QUIMIDROGA, S.A.;BARCELONA;GUADALAJARA;Cualquiera;43.26;;2026-01-15;432;2026-08-04T11:28:21.599Z;2026-08-04T11:28:21.599Z
QUIMIDROGA, S.A.;BARCELONA;GUARDA (PT);Cualquiera;84.68;;2026-07-27;433;2026-08-04T11:28:21.599Z;2026-08-04T11:28:21.599Z
QUIMIDROGA, S.A.;BARCELONA;GUIMARAES;Cualquiera;84.68;;2026-01-15;434;2026-08-04T11:28:21.599Z;2026-08-04T11:28:21.599Z
QUIMIDROGA, S.A.;BARCELONA;GUIPUZCOA;Cualquiera;48.99;;2026-01-15;435;2026-08-04T11:28:21.599Z;2026-08-04T11:28:21.599Z
QUIMIDROGA, S.A.;BARCELONA;HUELVA;Cualquiera;77.22;;2026-01-15;436;2026-08-04T11:28:21.599Z;2026-08-04T11:28:21.599Z
QUIMIDROGA, S.A.;BARCELONA;HUESCA;Cualquiera;21.63;;2026-01-15;437;2026-08-04T11:28:21.599Z;2026-08-04T11:28:21.599Z
QUIMIDROGA, S.A.;BARCELONA;JAEN;Cualquiera;60.56;;2026-01-15;438;2026-08-04T11:28:21.599Z;2026-08-04T11:28:21.599Z
QUIMIDROGA, S.A.;BARCELONA;LA RIOJA;Cualquiera;39.26;;2026-12-15;439;2026-08-04T11:28:21.599Z;2026-08-04T11:28:21.599Z
QUIMIDROGA, S.A.;BARCELONA;LAMEGO (PT);Cualquiera;84.68;;2026-01-15;440;2026-08-04T11:28:21.599Z;2026-08-04T11:28:21.599Z
QUIMIDROGA, S.A.;BARCELONA;LANTARON;Cualquiera;45.42;;2014-10-10;441;2026-08-04T11:28:21.599Z;2026-08-04T11:28:21.599Z
QUIMIDROGA, S.A.;BARCELONA;LEIRIA (PT);Cualquiera;88.25;;2026-08-03;442;2026-08-04T11:28:21.599Z;2026-08-04T11:28:21.599Z
QUIMIDROGA, S.A.;BARCELONA;LEON;Cualquiera;71.05;;2025-06-26;443;2026-08-04T11:28:21.599Z;2026-08-04T11:28:21.599Z
QUIMIDROGA, S.A.;BARCELONA;LISBOA;Cualquiera;88.25;;2026-07-17;444;2026-08-04T11:28:21.599Z;2026-08-04T11:28:21.599Z
QUIMIDROGA, S.A.;BARCELONA;LLEIDA;VINKA-PLAST;;470;2026-01-15;445;2026-08-04T11:28:21.599Z;2026-08-04T11:28:21.599Z
QUIMIDROGA, S.A.;BARCELONA;LUGO;Cualquiera;74.73;;2026-07-27;446;2026-08-04T11:28:21.599Z;2026-08-04T11:28:21.599Z
QUIMIDROGA, S.A.;BARCELONA;MADRID;Cualquiera;45.42;;2023-11-29;447;2026-08-04T11:28:21.599Z;2026-08-04T11:28:21.599Z
QUIMIDROGA, S.A.;BARCELONA;MALAGA;Cualquiera;77.22;;2026-01-15;448;2026-08-04T11:28:21.599Z;2026-08-04T11:28:21.599Z
QUIMIDROGA, S.A.;BARCELONA;MEM MARTINS (PT);Cualquiera;88.25;;2026-06-29;449;2026-08-04T11:28:21.599Z;2026-08-04T11:28:21.599Z
QUIMIDROGA, S.A.;BARCELONA;MIRANDELA (PT);Cualquiera;84.68;;2026-01-15;450;2026-08-04T11:28:21.599Z;2026-08-04T11:28:21.599Z
QUIMIDROGA, S.A.;BARCELONA;MODENA(IT);Cualquiera;;1920;2026-01-15;451;2026-08-04T11:28:21.599Z;2026-08-04T11:28:21.599Z
QUIMIDROGA, S.A.;BARCELONA;MOGADOURO;Cualquiera;84.68;;2026-01-15;452;2026-08-04T11:28:21.599Z;2026-08-04T11:28:21.599Z
QUIMIDROGA, S.A.;BARCELONA;MONSARAZ (PT);Cualquiera;88.25;;2026-01-15;453;2026-08-04T11:28:21.599Z;2026-08-04T11:28:21.599Z
QUIMIDROGA, S.A.;BARCELONA;MURCIA;Cualquiera;48.99;;2026-01-15;454;2026-08-04T11:28:21.599Z;2026-08-04T11:28:21.599Z
QUIMIDROGA, S.A.;BARCELONA;NAVARRA;Cualquiera;39.26;;2024-11-19;455;2026-08-04T11:28:21.599Z;2026-08-04T11:28:21.599Z
QUIMIDROGA, S.A.;BARCELONA;O PORTO;Cualquiera;84.68;;2026-04-23;456;2026-08-04T11:28:21.599Z;2026-08-04T11:28:21.599Z
QUIMIDROGA, S.A.;BARCELONA;OLHAO (PT);Cualquiera;91.93;;2026-01-15;457;2026-08-04T11:28:21.599Z;2026-08-04T11:28:21.599Z
QUIMIDROGA, S.A.;BARCELONA;OLIVEIRA HOSPITAL;Cualquiera;84.68;;2026-01-15;458;2026-08-04T11:28:21.599Z;2026-08-04T11:28:21.599Z
QUIMIDROGA, S.A.;BARCELONA;ORENSE;Cualquiera;79.71;;2026-07-28;459;2026-08-04T11:28:21.599Z;2026-08-04T11:28:21.599Z
QUIMIDROGA, S.A.;BARCELONA;OVIEDO;Cualquiera;71.05;;2026-06-22;460;2026-08-04T11:28:21.599Z;2026-08-04T11:28:21.599Z
QUIMIDROGA, S.A.;BARCELONA;PALENCIA;Cualquiera;51.91;;2026-01-15;461;2026-08-04T11:28:21.599Z;2026-08-04T11:28:21.599Z
QUIMIDROGA, S.A.;BARCELONA;PAVIA (IT);Cualquiera;;1730;2026-01-15;462;2026-08-04T11:28:21.599Z;2026-08-04T11:28:21.599Z
QUIMIDROGA, S.A.;BARCELONA;PINHEL (PT);Cualquiera;84.68;;2026-01-15;463;2026-08-04T11:28:21.599Z;2026-08-04T11:28:21.599Z
QUIMIDROGA, S.A.;BARCELONA;POMBAL (PT);Cualquiera;84.68;;2026-01-15;464;2026-08-04T11:28:21.599Z;2026-08-04T11:28:21.599Z
QUIMIDROGA, S.A.;BARCELONA;PONTEDESOR (PT);Cualquiera;88.25;;2026-01-15;465;2026-08-04T11:28:21.599Z;2026-08-04T11:28:21.599Z
QUIMIDROGA, S.A.;BARCELONA;PONTEVEDRA;Cualquiera;79.71;;2026-07-15;466;2026-08-04T11:28:21.599Z;2026-08-04T11:28:21.599Z
QUIMIDROGA, S.A.;BARCELONA;PORTALEGRE;Cualquiera;88.25;;2026-01-15;467;2026-08-04T11:28:21.599Z;2026-08-04T11:28:21.599Z
QUIMIDROGA, S.A.;BARCELONA;PORTIMAO (PT);Cualquiera;91.93;;2026-01-15;468;2026-08-04T11:28:21.599Z;2026-08-04T11:28:21.599Z
QUIMIDROGA, S.A.;BARCELONA;REGGIO EMILIA(IT);Cualquiera;;1920;2026-01-15;469;2026-08-04T11:28:21.599Z;2026-08-04T11:28:21.599Z
QUIMIDROGA, S.A.;BARCELONA;S.JOAO MADEIRA;Cualquiera;84.68;;2026-01-15;470;2026-08-04T11:28:21.599Z;2026-08-04T11:28:21.599Z
QUIMIDROGA, S.A.;BARCELONA;SALAMANCA;Cualquiera;62.73;;2026-01-15;471;2026-08-04T11:28:21.599Z;2026-08-04T11:28:21.599Z
QUIMIDROGA, S.A.;BARCELONA;SANTANDER;Cualquiera;54.08;;2026-01-15;472;2026-08-04T11:28:21.599Z;2026-08-04T11:28:21.599Z
QUIMIDROGA, S.A.;BARCELONA;SANTAREM;Cualquiera;88.25;;2025-08-29;473;2026-08-04T11:28:21.599Z;2026-08-04T11:28:21.599Z
QUIMIDROGA, S.A.;BARCELONA;SANTO TIRSO;Cualquiera;84.68;;2026-01-01;474;2026-08-04T11:28:21.599Z;2026-08-04T11:28:21.599Z
QUIMIDROGA, S.A.;BARCELONA;SEGOVIA;Cualquiera;54.08;;2026-04-20;475;2026-08-04T11:28:21.599Z;2026-08-04T11:28:21.599Z
QUIMIDROGA, S.A.;BARCELONA;SERTA (PT);Cualquiera;88.25;;2026-01-15;476;2026-08-04T11:28:21.599Z;2026-08-04T11:28:21.599Z
QUIMIDROGA, S.A.;BARCELONA;SETUBAL;Cualquiera;88.25;;2026-01-15;477;2026-08-04T11:28:21.599Z;2026-08-04T11:28:21.599Z
QUIMIDROGA, S.A.;BARCELONA;SEVILLA;Cualquiera;73.54;;2026-01-15;478;2026-08-04T11:28:21.599Z;2026-08-04T11:28:21.599Z
QUIMIDROGA, S.A.;BARCELONA;SORIA;Cualquiera;37.85;;2026-01-15;479;2026-08-04T11:28:21.599Z;2026-08-04T11:28:21.599Z
QUIMIDROGA, S.A.;BARCELONA;TAVIRA (PT);Cualquiera;91.93;;2026-01-15;480;2026-08-04T11:28:21.599Z;2026-08-04T11:28:21.599Z
QUIMIDROGA, S.A.;BARCELONA;TERUEL;Cualquiera;32.45;;2026-01-15;481;2026-08-04T11:28:21.599Z;2026-08-04T11:28:21.599Z
QUIMIDROGA, S.A.;BARCELONA;TOLEDO;Cualquiera;48.99;;2025-06-30;482;2026-08-04T11:28:21.599Z;2026-08-04T11:28:21.599Z
QUIMIDROGA, S.A.;BARCELONA;TOMAR (PT);Cualquiera;88.25;;2026-01-15;483;2026-08-04T11:28:21.599Z;2026-08-04T11:28:21.599Z
QUIMIDROGA, S.A.;BARCELONA;TREVISO(IT);Cualquiera;;2163;2026-01-15;484;2026-08-04T11:28:21.599Z;2026-08-04T11:28:21.599Z
QUIMIDROGA, S.A.;BARCELONA;VALENCIA;Cualquiera;34.28;;2026-01-15;485;2026-08-04T11:28:21.599Z;2026-08-04T11:28:21.599Z
QUIMIDROGA, S.A.;BARCELONA;VALLADOLID;Cualquiera;53.97;;2026-07-01;486;2026-08-04T11:28:21.599Z;2026-08-04T11:28:21.599Z
QUIMIDROGA, S.A.;BARCELONA;VARESE(IT);Cualquiera;;1785;2026-01-15;487;2026-08-04T11:28:21.599Z;2026-08-04T11:28:21.599Z
QUIMIDROGA, S.A.;BARCELONA;VEJA (PT);Cualquiera;88.25;;2026-01-15;488;2026-08-04T11:28:21.599Z;2026-08-04T11:28:21.599Z
QUIMIDROGA, S.A.;BARCELONA;VERONA(IT);Cualquiera;;1974;2026-01-15;489;2026-08-04T11:28:21.599Z;2026-08-04T11:28:21.599Z
QUIMIDROGA, S.A.;BARCELONA;VIANA DO CASTELO;Cualquiera;84.68;;2025-10-14;490;2026-08-04T11:28:21.599Z;2026-08-04T11:28:21.599Z
QUIMIDROGA, S.A.;BARCELONA;VILA FRANCA DE XIRA;Cualquiera;88.25;;2026-01-15;491;2026-08-04T11:28:21.599Z;2026-08-04T11:28:21.599Z
QUIMIDROGA, S.A.;BARCELONA;VILA REAL;Cualquiera;84.68;;2026-01-15;492;2026-08-04T11:28:21.599Z;2026-08-04T11:28:21.599Z
QUIMIDROGA, S.A.;BARCELONA;VILA REAL STO ANTONIO;Cualquiera;91.93;;2026-01-15;493;2026-08-04T11:28:21.599Z;2026-08-04T11:28:21.599Z
QUIMIDROGA, S.A.;BARCELONA;VILANOVA DE SANTO;Cualquiera;88.25;;2026-01-15;494;2026-08-04T11:28:21.599Z;2026-08-04T11:28:21.599Z
QUIMIDROGA, S.A.;BARCELONA;VILANOVA FAMALICAO;Cualquiera;84.68;;2026-01-01;495;2026-08-04T11:28:21.599Z;2026-08-04T11:28:21.599Z
QUIMIDROGA, S.A.;BARCELONA;VISEU;Cualquiera;84.68;;2026-06-01;496;2026-08-04T11:28:21.599Z;2026-08-04T11:28:21.599Z
QUIMIDROGA, S.A.;BARCELONA;VIZCAYA;Cualquiera;48.99;;2026-01-15;497;2026-08-04T11:28:21.599Z;2026-08-04T11:28:21.599Z
QUIMIDROGA, S.A.;BARCELONA;ZAMORA;Cualquiera;71.05;;2026-07-14;498;2026-08-04T11:28:21.599Z;2026-08-04T11:28:21.599Z
QUIMIDROGA, S.A.;BARCELONA;ZARAGOZA;Cualquiera;35.58;;2026-01-15;499;2026-08-04T11:28:21.599Z;2026-08-04T11:28:21.599Z
QUIMIDROGA, S.A.;BRAGA (PT);BURGOS;Cualquiera;61.65;;2026-04-01;500;2026-08-04T11:28:21.599Z;2026-08-04T11:28:21.599Z
QUIMIDROGA, S.A.;BURGOS;ABRANTES (PT);Cualquiera;63.81;;2026-01-15;501;2026-08-04T11:29:32.602Z;2026-08-04T11:29:32.602Z
QUIMIDROGA, S.A.;BURGOS;ALJUSTREL (PT);Cualquiera;63.81;;2026-01-15;502;2026-08-04T11:29:32.602Z;2026-08-04T11:29:32.602Z
QUIMIDROGA, S.A.;BURGOS;ALMADA (PT);Cualquiera;63.81;;2026-01-15;503;2026-08-04T11:29:32.602Z;2026-08-04T11:29:32.602Z
QUIMIDROGA, S.A.;BURGOS;ALMODOVAR (PT);Cualquiera;63.81;;2026-01-15;504;2026-08-04T11:29:32.602Z;2026-08-04T11:29:32.602Z
QUIMIDROGA, S.A.;BURGOS;AMADORA (PT);Cualquiera;63.81;;2026-01-15;505;2026-08-04T11:29:32.602Z;2026-08-04T11:29:32.602Z
QUIMIDROGA, S.A.;BURGOS;ARGANIL (PT);Cualquiera;61.65;;2026-01-15;506;2026-08-04T11:29:32.602Z;2026-08-04T11:29:32.602Z
QUIMIDROGA, S.A.;BURGOS;AVEIRO;Cualquiera;61.65;;2026-01-15;507;2026-08-04T11:29:32.602Z;2026-08-04T11:29:32.602Z
QUIMIDROGA, S.A.;BURGOS;BRAGA (PT);Cualquiera;61.65;;2026-07-24;508;2026-08-04T11:29:32.602Z;2026-08-04T11:29:32.602Z
QUIMIDROGA, S.A.;BURGOS;BRAGANÇA (PT);Cualquiera;61.65;;2026-01-15;509;2026-08-04T11:29:32.602Z;2026-08-04T11:29:32.602Z
QUIMIDROGA, S.A.;BURGOS;CALDAS DA RAINHA (PT);Cualquiera;63.81;;2026-01-15;510;2026-08-04T11:29:32.602Z;2026-08-04T11:29:32.602Z
QUIMIDROGA, S.A.;BURGOS;CASTELO BRANCO;Cualquiera;63.81;;2026-01-15;511;2026-08-04T11:29:32.602Z;2026-08-04T11:29:32.602Z
QUIMIDROGA, S.A.;BURGOS;CASTRO DAIRE(PT);Cualquiera;61.65;;2026-01-15;512;2026-08-04T11:29:32.602Z;2026-08-04T11:29:32.602Z
QUIMIDROGA, S.A.;BURGOS;CHAVES (PT);Cualquiera;61.65;;2026-01-15;513;2026-08-04T11:29:32.602Z;2026-08-04T11:29:32.602Z
QUIMIDROGA, S.A.;BURGOS;COIMBRA;Cualquiera;61.65;;2026-01-15;514;2026-08-04T11:29:32.602Z;2026-08-04T11:29:32.602Z
QUIMIDROGA, S.A.;BURGOS;COVILHA (PT);Cualquiera;61.65;;2026-01-15;515;2026-08-04T11:29:32.602Z;2026-08-04T11:29:32.602Z
QUIMIDROGA, S.A.;BURGOS;ESPINHO;Cualquiera;61.65;;2026-01-15;516;2026-08-04T11:29:32.602Z;2026-08-04T11:29:32.602Z
QUIMIDROGA, S.A.;BURGOS;ESTREMOZ (PT);Cualquiera;63.81;;2026-01-15;517;2026-08-04T11:29:32.602Z;2026-08-04T11:29:32.602Z
QUIMIDROGA, S.A.;BURGOS;EVORA (PT);Cualquiera;63.81;;2026-01-15;518;2026-08-04T11:29:32.602Z;2026-08-04T11:29:32.602Z
QUIMIDROGA, S.A.;BURGOS;FARO ALBUFEIRA;Cualquiera;67.05;;2026-01-15;519;2026-08-04T11:29:32.602Z;2026-08-04T11:29:32.602Z
QUIMIDROGA, S.A.;BURGOS;FERREIRA ALENTEJO;Cualquiera;63.81;;2026-01-15;520;2026-08-04T11:29:32.602Z;2026-08-04T11:29:32.602Z
QUIMIDROGA, S.A.;BURGOS;GUARDA (PT);Cualquiera;61.65;;2026-01-15;521;2026-08-04T11:29:32.602Z;2026-08-04T11:29:32.602Z
QUIMIDROGA, S.A.;BURGOS;GUIMARAES;Cualquiera;61.65;;2026-05-27;522;2026-08-04T11:29:32.602Z;2026-08-04T11:29:32.602Z
QUIMIDROGA, S.A.;BURGOS;LAMEGO (PT);Cualquiera;61.65;;2026-01-15;523;2026-08-04T11:29:32.602Z;2026-08-04T11:29:32.602Z
QUIMIDROGA, S.A.;BURGOS;LEIRIA (PT);Cualquiera;63.81;;2026-01-15;524;2026-08-04T11:29:32.602Z;2026-08-04T11:29:32.602Z
QUIMIDROGA, S.A.;BURGOS;LISBOA;Cualquiera;64.89;;2026-01-15;525;2026-08-04T11:29:32.602Z;2026-08-04T11:29:32.602Z
QUIMIDROGA, S.A.;BURGOS;MIRANDELA (PT);Cualquiera;61.65;;2026-01-15;526;2026-08-04T11:29:32.602Z;2026-08-04T11:29:32.602Z
QUIMIDROGA, S.A.;BURGOS;MOGADOURO;Cualquiera;61.65;;2026-01-15;527;2026-08-04T11:29:32.602Z;2026-08-04T11:29:32.602Z
QUIMIDROGA, S.A.;BURGOS;MONSARAZ (PT);Cualquiera;63.81;;2026-01-15;528;2026-08-04T11:29:32.602Z;2026-08-04T11:29:32.602Z
QUIMIDROGA, S.A.;BURGOS;O PORTO;Cualquiera;61.65;;2026-01-15;529;2026-08-04T11:29:32.602Z;2026-08-04T11:29:32.602Z
QUIMIDROGA, S.A.;BURGOS;OLHAO (PT);Cualquiera;67.05;;2026-01-15;530;2026-08-04T11:29:32.602Z;2026-08-04T11:29:32.602Z
QUIMIDROGA, S.A.;BURGOS;OLIVEIRA HOSPITAL;Cualquiera;61.65;;2026-01-15;531;2026-08-04T11:29:32.602Z;2026-08-04T11:29:32.602Z
QUIMIDROGA, S.A.;BURGOS;PINHEL (PT);Cualquiera;61.65;;2026-01-15;532;2026-08-04T11:29:32.602Z;2026-08-04T11:29:32.602Z
QUIMIDROGA, S.A.;BURGOS;POMBAL (PT);Cualquiera;61.65;;2026-01-15;533;2026-08-04T11:29:32.602Z;2026-08-04T11:29:32.602Z
QUIMIDROGA, S.A.;BURGOS;PONTEDESOR (PT);Cualquiera;63.81;;2026-01-15;534;2026-08-04T11:29:32.602Z;2026-08-04T11:29:32.602Z
QUIMIDROGA, S.A.;BURGOS;PORTALEGRE;Cualquiera;63.81;;2026-01-15;535;2026-08-04T11:29:32.602Z;2026-08-04T11:29:32.602Z
QUIMIDROGA, S.A.;BURGOS;PORTIMAO (PT);Cualquiera;67.05;;2026-01-15;536;2026-08-04T11:29:32.602Z;2026-08-04T11:29:32.602Z
QUIMIDROGA, S.A.;BURGOS;S.JOAO MADEIRA;Cualquiera;61.65;;2026-01-15;537;2026-08-04T11:29:32.602Z;2026-08-04T11:29:32.602Z
QUIMIDROGA, S.A.;BURGOS;SANTAREM;Cualquiera;63.81;;2026-01-15;538;2026-08-04T11:29:32.602Z;2026-08-04T11:29:32.602Z
QUIMIDROGA, S.A.;BURGOS;SERTA (PT);Cualquiera;63.81;;2026-01-15;539;2026-08-04T11:29:32.602Z;2026-08-04T11:29:32.602Z
QUIMIDROGA, S.A.;BURGOS;SETUBAL;Cualquiera;63.81;;2026-01-15;540;2026-08-04T11:29:32.602Z;2026-08-04T11:29:32.602Z
QUIMIDROGA, S.A.;BURGOS;TAVIRA (PT);Cualquiera;67.05;;2026-01-15;541;2026-08-04T11:29:32.602Z;2026-08-04T11:29:32.602Z
QUIMIDROGA, S.A.;BURGOS;TOMAR (PT);Cualquiera;63.81;;2026-01-15;542;2026-08-04T11:29:32.602Z;2026-08-04T11:29:32.602Z
QUIMIDROGA, S.A.;BURGOS;VEJA (PT);Cualquiera;63.81;;2026-01-15;543;2026-08-04T11:29:32.602Z;2026-08-04T11:29:32.602Z
QUIMIDROGA, S.A.;BURGOS;VIANA DO CASTELO;Cualquiera;61.65;;2026-01-15;544;2026-08-04T11:29:32.602Z;2026-08-04T11:29:32.602Z
QUIMIDROGA, S.A.;BURGOS;VILA FRANCA DE XIRA;Cualquiera;63.81;;2026-01-15;545;2026-08-04T11:29:32.602Z;2026-08-04T11:29:32.602Z
QUIMIDROGA, S.A.;BURGOS;VILA REAL;Cualquiera;61.65;;2026-01-15;546;2026-08-04T11:29:32.602Z;2026-08-04T11:29:32.602Z
QUIMIDROGA, S.A.;BURGOS;VILA REAL STO ANTONIO;Cualquiera;67.05;;2026-01-15;547;2026-08-04T11:29:32.602Z;2026-08-04T11:29:32.602Z
QUIMIDROGA, S.A.;BURGOS;VILANOVA DE SANTO;Cualquiera;63.81;;2026-01-15;548;2026-08-04T11:29:32.602Z;2026-08-04T11:29:32.602Z
QUIMIDROGA, S.A.;BURGOS;VILANOVA FAMALICAO;Cualquiera;61.65;;2026-07-28;549;2026-08-04T11:29:32.602Z;2026-08-04T11:29:32.602Z
QUIMIDROGA, S.A.;BURGOS;VISEU;Cualquiera;61.65;;2026-01-15;550;2026-08-04T11:29:32.602Z;2026-08-04T11:29:32.602Z
QUIMIDROGA, S.A.;CALDAS DE REIS;O PORTO;Cualquiera;84.68;;2026-01-01;551;2026-08-04T11:29:32.602Z;2026-08-04T11:29:32.602Z
QUIMIDROGA, S.A.;CAPARROSO;CARREGADO;Cualquiera;66.27;;2026-07-24;552;2026-08-04T11:29:32.602Z;2026-08-04T11:29:32.602Z
QUIMIDROGA, S.A.;CAPARROSO;LEIRIA (PT);Cualquiera;66.27;;2026-04-01;553;2026-08-04T11:29:32.602Z;2026-08-04T11:29:32.602Z
QUIMIDROGA, S.A.;CREMONA (IT);BARCELONA;Cualquiera;;1655;2026-01-15;554;2026-08-04T11:29:32.602Z;2026-08-04T11:29:32.602Z
QUIMIDROGA, S.A.;CREMONA (IT);MURCIA;Cualquiera;;2531;2026-01-15;555;2026-08-04T11:29:32.602Z;2026-08-04T11:29:32.602Z
QUIMIDROGA, S.A.;FLORENCE(IT);LERIDA;Cualquiera;;2185;2026-01-15;556;2026-08-04T11:29:32.602Z;2026-08-04T11:29:32.602Z
QUIMIDROGA, S.A.;LIVORNO(IT);ALICANTE;Cualquiera;;2731;2026-01-15;557;2026-08-04T11:29:32.602Z;2026-08-04T11:29:32.602Z
QUIMIDROGA, S.A.;LIVORNO(IT);BARCELONA;Cualquiera;;1687;2026-01-15;558;2026-08-04T11:29:32.602Z;2026-08-04T11:29:32.602Z
QUIMIDROGA, S.A.;MADRID;ALAVA;Cualquiera;28.12;;2026-01-15;559;2026-08-04T11:29:32.602Z;2026-08-04T11:29:32.602Z
QUIMIDROGA, S.A.;MADRID;ALBACETE;Cualquiera;21.63;;2026-01-15;560;2026-08-04T11:29:32.602Z;2026-08-04T11:29:32.602Z
QUIMIDROGA, S.A.;MADRID;ALICANTE;Cualquiera;30.28;;2026-01-15;561;2026-08-04T11:29:32.602Z;2026-08-04T11:29:32.602Z
QUIMIDROGA, S.A.;MADRID;ALMERIA;Cualquiera;42.18;;2026-01-15;562;2026-08-04T11:29:32.602Z;2026-08-04T11:29:32.602Z
QUIMIDROGA, S.A.;MADRID;BADAJOZ;Cualquiera;30.28;;2026-01-15;563;2026-08-04T11:29:32.602Z;2026-08-04T11:29:32.602Z
QUIMIDROGA, S.A.;MADRID;BARCELONA;Cualquiera;43.26;;2026-01-15;564;2026-08-04T11:29:32.602Z;2026-08-04T11:29:32.602Z
QUIMIDROGA, S.A.;MADRID;BURGOS;Cualquiera;21.63;;2026-01-15;565;2026-08-04T11:29:32.602Z;2026-08-04T11:29:32.602Z
QUIMIDROGA, S.A.;MADRID;CACERES;Cualquiera;21.63;;2026-01-15;566;2026-08-04T11:29:32.602Z;2026-08-04T11:29:32.602Z
QUIMIDROGA, S.A.;MADRID;CADIZ;Cualquiera;46.5;;2026-01-15;567;2026-08-04T11:29:32.602Z;2026-08-04T11:29:32.602Z
QUIMIDROGA, S.A.;MADRID;CASTELLON;Cualquiera;21.63;;2026-01-15;568;2026-08-04T11:29:32.602Z;2026-08-04T11:29:32.602Z
QUIMIDROGA, S.A.;MADRID;CORDOBA;Cualquiera;28.12;;2026-01-15;569;2026-08-04T11:29:32.602Z;2026-08-04T11:29:32.602Z
QUIMIDROGA, S.A.;MADRID;CORUÑA;Cualquiera;43.26;;2026-01-15;570;2026-08-04T11:29:32.602Z;2026-08-04T11:29:32.602Z
QUIMIDROGA, S.A.;MADRID;GERONA;Cualquiera;51.91;;2026-01-15;571;2026-08-04T11:29:32.602Z;2026-08-04T11:29:32.602Z
QUIMIDROGA, S.A.;MADRID;GRANADA;Cualquiera;30.28;;2026-01-15;572;2026-08-04T11:29:32.602Z;2026-08-04T11:29:32.602Z
QUIMIDROGA, S.A.;MADRID;GUIPUZCOA;Cualquiera;51.91;;2026-01-15;573;2026-08-04T11:29:32.602Z;2026-08-04T11:29:32.602Z
QUIMIDROGA, S.A.;MADRID;HUELVA;Cualquiera;42.94;;2026-01-15;574;2026-08-04T11:29:32.602Z;2026-08-04T11:29:32.602Z
QUIMIDROGA, S.A.;MADRID;HUESCA;Cualquiera;28.12;;2026-01-15;575;2026-08-04T11:29:32.602Z;2026-08-04T11:29:32.602Z
QUIMIDROGA, S.A.;MADRID;JAEN;Cualquiera;24.87;;2026-01-15;576;2026-08-04T11:29:32.602Z;2026-08-04T11:29:32.602Z
QUIMIDROGA, S.A.;MADRID;LA RIOJA;Cualquiera;24.87;;2026-01-15;577;2026-08-04T11:29:32.602Z;2026-08-04T11:29:32.602Z
QUIMIDROGA, S.A.;MADRID;LEON;Cualquiera;24.87;;2026-01-15;578;2026-08-04T11:29:32.602Z;2026-08-04T11:29:32.602Z
QUIMIDROGA, S.A.;MADRID;LERIDA;Cualquiera;34.61;;2026-01-15;579;2026-08-04T11:29:32.602Z;2026-08-04T11:29:32.602Z
QUIMIDROGA, S.A.;MADRID;LUGO;Cualquiera;41.75;;2026-01-15;580;2026-08-04T11:29:32.602Z;2026-08-04T11:29:32.602Z
QUIMIDROGA, S.A.;MADRID;MALAGA;Cualquiera;41.75;;2026-01-15;581;2026-08-04T11:29:32.602Z;2026-08-04T11:29:32.602Z
QUIMIDROGA, S.A.;MADRID;MURCIA;Cualquiera;30.28;;2026-01-15;582;2026-08-04T11:29:32.602Z;2026-08-04T11:29:32.602Z
QUIMIDROGA, S.A.;MADRID;NAVARRA;Cualquiera;28.12;;2026-01-15;583;2026-08-04T11:29:32.602Z;2026-08-04T11:29:32.602Z
QUIMIDROGA, S.A.;MADRID;ORENSE;Cualquiera;37.85;;2026-01-15;584;2026-08-04T11:29:32.602Z;2026-08-04T11:29:32.602Z
QUIMIDROGA, S.A.;MADRID;OVIEDO;Cualquiera;34.61;;2026-01-15;585;2026-08-04T11:29:32.602Z;2026-08-04T11:29:32.602Z
QUIMIDROGA, S.A.;MADRID;PALENCIA;Cualquiera;21.63;;2026-01-15;586;2026-08-04T11:29:32.602Z;2026-08-04T11:29:32.602Z
QUIMIDROGA, S.A.;MADRID;SANTANDER;Cualquiera;34.61;;2026-01-15;587;2026-08-04T11:29:32.602Z;2026-08-04T11:29:32.602Z
QUIMIDROGA, S.A.;MADRID;SEVILLA;Cualquiera;41.75;;2026-01-15;588;2026-08-04T11:29:32.602Z;2026-08-04T11:29:32.602Z
QUIMIDROGA, S.A.;MADRID;TARRAGONA;Cualquiera;42.18;;2026-01-15;589;2026-08-04T11:29:32.602Z;2026-08-04T11:29:32.602Z
QUIMIDROGA, S.A.;MADRID;TERUEL;Cualquiera;24.87;;2026-01-15;590;2026-08-04T11:29:32.602Z;2026-08-04T11:29:32.602Z
QUIMIDROGA, S.A.;MADRID;VALENCIA;Cualquiera;28.12;;2026-01-15;591;2026-08-04T11:29:32.602Z;2026-08-04T11:29:32.602Z
QUIMIDROGA, S.A.;MADRID;VIZCAYA;Cualquiera;30.28;;2026-01-15;592;2026-08-04T11:29:32.602Z;2026-08-04T11:29:32.602Z
QUIMIDROGA, S.A.;MADRID;ZAMORA;Cualquiera;21.63;;2026-01-15;593;2026-08-04T11:29:32.602Z;2026-08-04T11:29:32.602Z
QUIMIDROGA, S.A.;MADRID;ZARAGOZA;Cualquiera;24.87;;2026-01-15;594;2026-08-04T11:29:32.602Z;2026-08-04T11:29:32.602Z
QUIMIDROGA, S.A.;MANTUA(IT);BARCELONA;Cualquiera;;1812;2026-01-15;595;2026-08-04T11:29:32.602Z;2026-08-04T11:29:32.602Z
QUIMIDROGA, S.A.;MANTUA(IT);VALENCIA;Cualquiera;;2456;2026-01-15;596;2026-08-04T11:29:32.602Z;2026-08-04T11:29:32.602Z
QUIMIDROGA, S.A.;NOVARA(IT);ALAVA;Cualquiera;;2272;2026-01-15;597;2026-08-04T11:29:32.602Z;2026-08-04T11:29:32.602Z
QUIMIDROGA, S.A.;NOVARA(IT);ALICANTE;Cualquiera;;2596;2026-01-15;598;2026-08-04T11:29:32.602Z;2026-08-04T11:29:32.602Z
QUIMIDROGA, S.A.;NOVARA(IT);BADAJOZ;Cualquiera;;3461;2026-01-15;599;2026-08-04T11:29:32.602Z;2026-08-04T11:29:32.602Z
QUIMIDROGA, S.A.;NOVARA(IT);BARCELONA;Cualquiera;;1601;2026-01-15;600;2026-08-04T11:29:32.602Z;2026-08-04T11:29:32.602Z
QUIMIDROGA, S.A.;NOVARA(IT);CACERES;Cualquiera;;3245;2026-01-15;601;2026-08-04T11:30:46.221Z;2026-08-04T11:30:46.221Z
QUIMIDROGA, S.A.;NOVARA(IT);CORUÑA;Cualquiera;;3083;2026-01-15;602;2026-08-04T11:30:46.221Z;2026-08-04T11:30:46.221Z
QUIMIDROGA, S.A.;NOVARA(IT);GERONA;Cualquiera;;1514;2026-01-15;603;2026-08-04T11:30:46.221Z;2026-08-04T11:30:46.221Z
QUIMIDROGA, S.A.;NOVARA(IT);GRANADA;Cualquiera;;3245;2026-01-15;604;2026-08-04T11:30:46.221Z;2026-08-04T11:30:46.221Z
QUIMIDROGA, S.A.;NOVARA(IT);GUADALAJARA;Cualquiera;;2694;2026-01-15;605;2026-08-04T11:30:46.221Z;2026-08-04T11:30:46.221Z
QUIMIDROGA, S.A.;NOVARA(IT);LEON;Cualquiera;;2912;2026-01-15;606;2026-08-04T11:30:46.221Z;2026-08-04T11:30:46.221Z
QUIMIDROGA, S.A.;NOVARA(IT);MURCIA;Cualquiera;;2639;2026-01-15;607;2026-08-04T11:30:46.221Z;2026-08-04T11:30:46.221Z
QUIMIDROGA, S.A.;NOVARA(IT);NAVARRA;Cualquiera;;2272;2026-01-15;608;2026-08-04T11:30:46.221Z;2026-08-04T11:30:46.221Z
QUIMIDROGA, S.A.;NOVARA(IT);PONTEVEDRA;Cualquiera;;3218;2026-01-15;609;2026-08-04T11:30:46.221Z;2026-08-04T11:30:46.221Z
QUIMIDROGA, S.A.;NOVARA(IT);SEVILLA;Cualquiera;;3353;2026-01-15;610;2026-08-04T11:30:46.221Z;2026-08-04T11:30:46.221Z
QUIMIDROGA, S.A.;NOVARA(IT);TARRAGONA;Cualquiera;;1758;2026-01-15;611;2026-08-04T11:30:46.221Z;2026-08-04T11:30:46.221Z
QUIMIDROGA, S.A.;NOVARA(IT);VALENCIA;Cualquiera;;2055;2026-01-15;612;2026-08-04T11:30:46.221Z;2026-08-04T11:30:46.221Z
QUIMIDROGA, S.A.;NOVARA(IT);ZARAGOZA;Cualquiera;;2164;2026-01-15;613;2026-08-04T11:30:46.221Z;2026-08-04T11:30:46.221Z
QUIMIDROGA, S.A.;TARRAGONA;AZPEITIA;Cualquiera;48;;2026-04-01;614;2026-08-04T11:30:46.221Z;2026-08-04T11:30:46.221Z
QUIMIDROGA, S.A.;TARRAGONA;COIMBRA;Cualquiera;80.8;;2026-01-01;615;2026-08-04T11:30:46.221Z;2026-08-04T11:30:46.221Z
QUIMIDROGA, S.A.;VALDEMORO;PORRIÑO;Cualquiera;42.94;;2014-12-05;616;2026-08-04T11:30:46.221Z;2026-08-04T11:30:46.221Z
QUIMIDROGA, S.A.;VALDEMORO;VALADARES(PT);GLICERINA;50.5;;2025-05-27;617;2026-08-04T11:30:46.221Z;2026-08-04T11:30:46.221Z
RECUPERADORA GALLEGA DE DISOLVENTES, SL;ZARAGOZA;PORRIÑO;RES.COD.LER 190814;;1750;2022-06-15;618;2026-08-04T11:30:46.221Z;2026-08-04T11:30:46.221Z
RNM TRANSPORTES QUIMICOS, LDA;AVEIRO;CORUÑA;SOSA;;650;2025-09-02;619;2026-08-04T11:30:46.221Z;2026-08-04T11:30:46.221Z
RNM TRANSPORTES QUIMICOS, LDA;AVEIRO;LEZO;SOSA;;1350;2025-08-29;620;2026-08-04T11:30:46.221Z;2026-08-04T11:30:46.221Z
RNM TRANSPORTES QUIMICOS, LDA;AVEIRO;NAVIA;SOSA;;900;2025-08-27;621;2026-08-04T11:30:46.221Z;2026-08-04T11:30:46.221Z
RNM TRANSPORTES QUIMICOS, LDA;AVEIRO;PONTEVEDRA;SOSA;;430;2025-08-18;622;2026-08-04T11:30:46.221Z;2026-08-04T11:30:46.221Z
RNM TRANSPORTES QUIMICOS, LDA;AVEIRO;PORRIÑO;SOSA;;424;2025-08-18;623;2026-08-04T11:30:46.221Z;2026-08-04T11:30:46.221Z
RNM TRANSPORTES QUIMICOS, LDA;AVILES;ALCANENA(PT);ACIDO SULFURICO;;1200;2025-08-04;624;2026-08-04T11:30:46.221Z;2026-08-04T11:30:46.221Z
RNM TRANSPORTES QUIMICOS, LDA;AVILES;VILANOVA FAMALICAO;ACIDO SULFURICO;;875;2025-07-15;625;2026-08-04T11:30:46.221Z;2026-08-04T11:30:46.221Z
RNM TRANSPORTES QUIMICOS, LDA;AZAMBUJA(PT);SEVILLA;METANOL;;815;;626;2026-08-04T11:30:46.221Z;2026-08-04T11:30:46.221Z
RNM TRANSPORTES QUIMICOS, LDA;BARCELONA;VILANOVA FAMALICAO;ACIDO ACETICO;;1900;2025-08-04;627;2026-08-04T11:30:46.221Z;2026-08-04T11:30:46.221Z
RNM TRANSPORTES QUIMICOS, LDA;ESTARREJA;BADAJOZ;ACIDO NITRICO;;600;2025-08-18;628;2026-08-04T11:30:46.221Z;2026-08-04T11:30:46.221Z
RNM TRANSPORTES QUIMICOS, LDA;ESTARREJA;HUELVA;ACIDO NITRICO;;960;2025-09-01;629;2026-08-04T11:30:46.221Z;2026-08-04T11:30:46.221Z
RNM TRANSPORTES QUIMICOS, LDA;ESTARREJA;HUELVA;SOSA;;960;;630;2026-08-04T11:30:46.221Z;2026-08-04T11:30:46.221Z
RNM TRANSPORTES QUIMICOS, LDA;ESTARREJA;MADRID;Cualquiera;40;;2026-05-01;631;2026-08-04T11:30:46.221Z;2026-08-04T11:30:46.221Z
RNM TRANSPORTES QUIMICOS, LDA;PONTEVEDRA;NAVIA;SOSA;;700;;632;2026-08-04T11:30:46.221Z;2026-08-04T11:30:46.221Z
RNM TRANSPORTES QUIMICOS, LDA;TARRAGONA;JAEN;HEXANO;;1300;2025-08-29;633;2026-08-04T11:30:46.221Z;2026-08-04T11:30:46.221Z
RNM TRANSPORTES QUIMICOS, LDA;TORRELAVEGA;PONTEVEDRA;SOSA;;970;2025-07-28;634;2026-08-04T11:30:46.221Z;2026-08-04T11:30:46.221Z
RNM TRANSPORTES QUIMICOS, LDA;VIGO;GUADALAJARA;Cualquiera;66;;2026-05-01;635;2026-08-04T11:30:46.221Z;2026-08-04T11:30:46.221Z
RNM TRANSPORTES QUIMICOS, LDA;VIGO;NAVIA;Cualquiera;31.35;;2026-08-03;636;2026-08-04T11:30:46.221Z;2026-08-04T11:30:46.221Z
RNM TRANSPORTES QUIMICOS, LDA;VILANOVA FAMALICAO;GUADALAJARA;WAC AB;;1125;2025-08-18;637;2026-08-04T11:30:46.221Z;2026-08-04T11:30:46.221Z
RNM TRANSPORTES QUIMICOS, LDA;ZAMUDIO;VILANOVA FAMALICAO;ACIDO SULFURICO;;1150;;638;2026-08-04T11:30:46.221Z;2026-08-04T11:30:46.221Z
ROTANK IBERICA, S.L.;RUBI;VIGO;BRADOL;;1650;2026-01-27;639;2026-08-04T11:30:46.221Z;2026-08-04T11:30:46.221Z
SCHWARZKOPF & HENKEL, Sucurs.España;O GROVE;CULLEREDO;AGUA;;420.71;;640;2026-08-04T11:30:46.221Z;2026-08-04T11:30:46.221Z
SERVIC.INDUSTRIALES GRINS 2007, SL;CASTELLON;ARTEIXO;POLICLORURO;;1200;;641;2026-08-04T11:30:46.221Z;2026-08-04T11:30:46.221Z
SERVIC.INDUSTRIALES GRINS 2007, SL;CASTELLON;BURGOS;GRINCO M;;900;;642;2026-08-04T11:30:46.221Z;2026-08-04T11:30:46.221Z
SOCIEDAD AGRICOLA GALLEGA,SL;BAION;BADAJOZ;ABONO;;1287;2025-07-15;643;2026-08-04T11:30:46.221Z;2026-08-04T11:30:46.221Z
TAMATA LOGISTICA, S.L.;JARRIE (FR);NAVIA;CLORATO;;1395;2014-02-18;644;2026-08-04T11:30:46.221Z;2026-08-04T11:30:46.221Z
TANKISA, S.A.;HUELVA;MEDINA DEL CAMPO;Cualquiera;;970;2021-01-18;645;2026-08-04T11:30:46.221Z;2026-08-04T11:30:46.221Z
TANKISA, S.A.;HUELVA;ORENSE;ADBLUE;;1100;2021-09-23;646;2026-08-04T11:30:46.221Z;2026-08-04T11:30:46.221Z
TANKISA, S.A.;LUTXANA;BARCELONA;ACIDO SULFURICO;;20;;647;2026-08-04T11:30:46.221Z;2026-08-04T11:30:46.221Z
TRACTORES Y VEHICULOS, S.A.;BILBAO;BARCELONA;LIGNOSULFONATE;;720;;648;2026-08-04T11:30:46.221Z;2026-08-04T11:30:46.221Z
TRACTORES Y VEHICULOS, S.A.;HUELVA;AVILES;ACIDO SULFURICO;;43.16;;649;2026-08-04T11:30:46.221Z;2026-08-04T11:30:46.221Z
TRACTORES Y VEHICULOS, S.A.;SANTANDER;MEJORADA;ADITIVO;;536;;650;2026-08-04T11:30:46.221Z;2026-08-04T11:30:46.221Z
TRACTORES Y VEHICULOS, S.A.;TARANCON;TEIXEIRO;ALCOHOL;;42.31;;651;2026-08-04T11:30:46.221Z;2026-08-04T11:30:46.221Z
TRACTORES Y VEHICULOS, S.A.;TARTAS;BARCELONA;LIGNOSULFONATE;;700;;652;2026-08-04T11:30:46.221Z;2026-08-04T11:30:46.221Z
TRACTORES Y VEHICULOS, S.A.;TARTAS;BILBAO;LIGNOSULFONATE;;475;;653;2026-08-04T11:30:46.221Z;2026-08-04T11:30:46.221Z
TRACTORES Y VEHICULOS, S.A.;TOLEDO;LUGO;GLICERINA;;950;;654;2026-08-04T11:30:46.221Z;2026-08-04T11:30:46.221Z
TRANALCOHOL, S.L.;OLMEDO;CORUÑA;MELAZA;;21.6;;655;2026-08-04T11:30:46.221Z;2026-08-04T11:30:46.221Z
TRANALCOHOL, S.L.;PORTUGAL;TEIXEIRO;ALCOHOL;;33.41;;656;2026-08-04T11:30:46.221Z;2026-08-04T11:30:46.221Z
TRANSP. ALONSO DE PALENCIA, S.L.;ALEGIA;CORUÑA;POLICLORURO;;23.98;;657;2026-08-04T11:30:46.221Z;2026-08-04T11:30:46.221Z
TRANSP. ALONSO DE PALENCIA, S.L.;AVILES;ESTARREJA;ACIDO SULFURICO;;33.81;;658;2026-08-04T11:30:46.221Z;2026-08-04T11:30:46.221Z
TRANSP. ALONSO DE PALENCIA, S.L.;AVILES;MAIA;ACIDO SULFURICO;;45;2025-11-14;659;2026-08-04T11:30:46.221Z;2026-08-04T11:30:46.221Z
TRANSP. ALONSO DE PALENCIA, S.L.;AVILES;PONTEVEDRA;ACIDO SULFURICO;;24.92;2014-02-26;660;2026-08-04T11:30:46.221Z;2026-08-04T11:30:46.221Z
TRANSP. ALONSO DE PALENCIA, S.L.;AVILES;PORRIÑO;ACIDO SULFURICO;;27.35;;661;2026-08-04T11:30:46.221Z;2026-08-04T11:30:46.221Z
TRANSP. ALONSO DE PALENCIA, S.L.;AVILES;RIACHOS;ACIDO SULFURICO;;41.1;;662;2026-08-04T11:30:46.221Z;2026-08-04T11:30:46.221Z
TRANSP. ALONSO DE PALENCIA, S.L.;AVILES;SANTO TIRSO;ACIDO SULFURICO;;34.47;2015-06-02;663;2026-08-04T11:30:46.221Z;2026-08-04T11:30:46.221Z
TRANSP. ALONSO DE PALENCIA, S.L.;AVILES;ZARAGOZA;ACIDO SULFURICO;;33.94;2019-09-19;664;2026-08-04T11:30:46.221Z;2026-08-04T11:30:46.221Z
TRANSP. ALONSO DE PALENCIA, S.L.;ESTARREJA;LEON;ACIDO NITRICO;;27.99;;665;2026-08-04T11:30:46.221Z;2026-08-04T11:30:46.221Z
TRANSP. ALONSO DE PALENCIA, S.L.;ESTARREJA;MIRANDA DE EBRO;ANILINA;;673;;666;2026-08-04T11:30:46.221Z;2026-08-04T11:30:46.221Z
TRANSP. ALONSO DE PALENCIA, S.L.;MARIN;FIGUEIRA FOZ;SOSA;;20.88;;667;2026-08-04T11:30:46.221Z;2026-08-04T11:30:46.221Z
TRANSP. ALONSO DE PALENCIA, S.L.;MARIN;LEON;HIDROXIDO SODICO;;19.16;;668;2026-08-04T11:30:46.221Z;2026-08-04T11:30:46.221Z
TRANSP. ALONSO DE PALENCIA, S.L.;MARIN;VIANA DO CASTELO;HIDROXIDO SODICO;;12.88;;669;2026-08-04T11:30:46.221Z;2026-08-04T11:30:46.221Z
TRANSP. ALONSO DE PALENCIA, S.L.;PALENCIA;PORTUGAL;ACETONA;;32.02;;670;2026-08-04T11:30:46.221Z;2026-08-04T11:30:46.221Z
TRANSP. ALONSO DE PALENCIA, S.L.;PORTUGAL;PADRON;AMONIACO;;30.65;;671;2026-08-04T11:30:46.221Z;2026-08-04T11:30:46.221Z
TRANSP. ALONSO DE PALENCIA, S.L.;SANTANDER;FIGUEIRA FOZ;SOSA;;39.42;;672;2026-08-04T11:30:46.221Z;2026-08-04T11:30:46.221Z
TRANSP. ALONSO DE PALENCIA, S.L.;SANTANDER;VIGO;HIDROXIDO SODICO;;30.8;;673;2026-08-04T11:30:46.221Z;2026-08-04T11:30:46.221Z
TRANSP. ALONSO DE PALENCIA, S.L.;ZIERBANA;FIGUEIRA FOZ;SOSA;;41.58;;674;2026-08-04T11:30:46.221Z;2026-08-04T11:30:46.221Z
TRANSP. MUÑIZ GIL, S.L.;CALDAS DE REIS;SANTIAGO;COLA;;6.05;2017-08-12;675;2026-08-04T11:30:46.221Z;2026-08-04T11:30:46.221Z
TRANSPORTES SOLAZO, S.A.;SANTANDER;MEJORADA;ADITIVO;;21;;676;2026-08-04T11:30:46.221Z;2026-08-04T11:30:46.221Z
TRANSPORTES SOLAZO, S.A.;SANTANDER;MEJORADA;RM 245;;22.1;;677;2026-08-04T11:30:46.221Z;2026-08-04T11:30:46.221Z
TRANSPORTES SOLAZO, S.A.;ZIERBANA;BARCELONA;LIGNEX NAL;;24;;678;2026-08-04T11:30:46.221Z;2026-08-04T11:30:46.221Z
TRANSPORTES VALMASAINZ 2004, S.L.;BILBAO;CALAHORRA;ACEITE;;205;2014-07-05;679;2026-08-04T11:30:46.221Z;2026-08-04T11:30:46.221Z
TRANSPORTES VALMASAINZ 2004, S.L.;CALAHORRA;BILBAO;BIODIESEL;;205;;680;2026-08-04T11:30:46.221Z;2026-08-04T11:30:46.221Z
TRANSPORTES VALMASAINZ 2004, S.L.;ZIERBANA;O PORTO;NYTRO;;38;;681;2026-08-04T11:30:46.221Z;2026-08-04T11:30:46.221Z
TRANSPORTES VALMASAINZ 2004, S.L.;ZIERBANA;SAN MAMEDE INFESTA;NYTRO;;38;;682;2026-08-04T11:30:46.221Z;2026-08-04T11:30:46.221Z
TRANSPORTES VALMASAINZ 2004, S.L.;ZIERBANA;VALENCIA;NYTRO TAURUS;;35;;683;2026-08-04T11:30:46.221Z;2026-08-04T11:30:46.221Z
TRANSPORTS BENISACAR, S.L.;TARRAGONA;ARTEIXO;SOSA;;60.3;;684;2026-08-04T11:30:46.221Z;2026-08-04T11:30:46.221Z
TRANSPORTS BENISACAR, S.L.;TARRAGONA;PADRON;SOSA;;58.42;;685;2026-08-04T11:30:46.221Z;2026-08-04T11:30:46.221Z
TRANSTAMBRE, S.L.;AVEIRO;PADRON;COLA;;19.63;;686;2026-08-04T11:30:46.221Z;2026-08-04T11:30:46.221Z
TRANSTAMBRE, S.L.;CALDAS DE REIS;CESURES;COLA;;3.34;2023-01-05;687;2026-08-04T11:30:46.221Z;2026-08-04T11:30:46.221Z
TRANSTAMBRE, S.L.;CALDAS DE REIS;PADRON;COLA;;3.21;;688;2026-08-04T11:30:46.221Z;2026-08-04T11:30:46.221Z
TRANSTAMBRE, S.L.;O PORTO;SANTIAGO;PARAFINA;;16.66;;689;2026-08-04T11:30:46.221Z;2026-08-04T11:30:46.221Z
TRANSTAMBRE, S.L.;SANTIAGO;NELAS;PARAFINA;;25.86;;690;2026-08-04T11:30:46.221Z;2026-08-04T11:30:46.221Z
TRANSTAMBRE, S.L.;TEIXEIRO;CORUÑA;BIOETANOL;;203;2026-03-03;691;2026-08-04T11:30:46.221Z;2026-08-04T11:30:46.221Z
TRANSTAMBRE, S.L.;VILLAGARCIA;CESURES;COLA;;4.15;;692;2026-08-04T11:30:46.221Z;2026-08-04T11:30:46.221Z
TRANSTAMBRE, S.L.;VILLAGARCIA;ORENSE;FUEL;;13.53;2014-04-01;693;2026-08-04T11:30:46.221Z;2026-08-04T11:30:46.221Z
TRANSTAMBRE, S.L.;VILLAGARCIA;SANTIAGO;PARAFINA;;9;;694;2026-08-04T11:30:46.221Z;2026-08-04T11:30:46.221Z
TRECGIJON, S.L.;ZIERBANA;LISBOA;ACEITE;;1171.92;;695;2026-08-04T11:30:46.221Z;2026-08-04T11:30:46.221Z
TRECGIJON, S.L.;ZIERBANA;SAN MAMEDE INFESTA;NYTRO;;40.86;2014-10-10;696;2026-08-04T11:30:46.221Z;2026-08-04T11:30:46.221Z
TTES.ARAGUNDE E HIJOS, S.L.;MADRID;VIGO;DISOLVENTE;;1000;;697;2026-08-04T11:30:46.221Z;2026-08-04T11:30:46.221Z
UNION DE EMPRESAS MADERERAS, S.A.;PALENCIA;CARBALLO;PARAFINA;;720;;698;2026-08-04T11:30:46.221Z;2026-08-04T11:30:46.221Z
