fecha_proceso;juego_ficha_pdf;empresa;nro_viaje_gesruta;nro_albaran_gesruta;fecha_carga;fecha_descarga;cod_cliente;cliente;referencia;cod_origen;cod_destino;carga;concepto;precio;um;cantidad;indexacion_factor;base_sin_iva;iva_pct;total_con_iva;odometro_inicio;odometro_final;km_carga;peso_real_kg;estado_carga;pdf_doc;observaciones
2026-10-07;20261007140856.pdf;TLE;;;29/09/2026;30/09/2026;321;FORESTAL DEL ATLANTICO, S.A.;26P1213;MUGAR;CASTE;COLA (cod 1);P;2025.00;UN;1;0;2025.00;21;2450.25;873922;874976;1054;25520;CARGADO_PRUEBA_SIN_NRO;procesados/20261007140904.pdf;Albaran 1 del viaje Asensi. Precio fijo, indexacion incluida (sin linea G). Nº viaje/albaran a capturar de Gesruta.
2026-10-07;20261007140856.pdf;TLE;;;30/09/2026;02/10/2026;403;QUIMIDROGA, S.A.;710515;B;AVEIR;VINKA-PLAST;P;84.68;TN;24.040;0.1370;2314.60;21;2800.67;875255;876375;1120;24040;CARGADO_PRUEBA_SIN_NRO;procesados/20261007140915.pdf;Albaran 2 del viaje Asensi. Indexacion G 0,1370 (sept, grupo QUIMIDROGA). Km vacio 874976->875255 = 279. Nº viaje/albaran a capturar de Gesruta.
2026-10-09;20261009134006.pdf;TLE;;;28/09/2026;30/09/2026;1;FORESA IND.QUIMICAS DEL NOROESTE, S.A.;2027538;1;9731;COLA (cod 1);P;72.36;TN;23.280;0.1386;1918.02;21;2320.80;436483;437690;1207;23280;PENDIENTE_CARGA;procesados/20261009134023.pdf;Albaran 1. RES0540->COLA cod1. Tarifa Caldas->Tordera 72,36 (facturacion). Idx G 0,1386.
2026-10-09;20261009134006.pdf;TLE;;;30/09/2026;02/10/2026;323;HELM IBERICA, S.A.;6100316242;B;PORT;MONOETILENGLICOL;P;1800.00;UN;1;0.1176;2011.68;21;2434.13;437820;439049;1229;25000;PENDIENTE_CARGA;procesados/20261009134039.pdf;Albaran 2. Precio 1.800 fijo (orden HELM, tarifario ~2.069). Fecha carga real 30/9 (idx 0,1176). Destino PORT (zona con tarifa, entrega real Ribeira de Nisa). HELM factura Portugal como PN IVA 21.
2026-10-09;20261009134006.pdf;TLE;;;02/10/2026;05/10/2026;661;RNM TRANSPORTES QUIMICOS, LDA;0141169903;AVEIR;NAVIA;SOSA (cod 51);PI;40.30;TN;23.120;0.1450;1066.84;0;1066.84;439341;439949;608;23120;PENDIENTE_CARGA;procesados/20261009134114.pdf;Albaran 3. Internacional PI IVA 0. Precio 40,30 EUR/TN (tarifario Julio) x 23,120 = 931,74. Indexacion GPT (Portugal) factor 0,1450 (grupo Otros) = 130,50. Guia remessa 0141169903.
2026-10-09;20261009163943.pdf;TLE;;;18/09/2026;21/09/2026;661;RNM TRANSPORTES QUIMICOS, LDA;1741007450;AVEIR;PADRO;SOSA (cod 51);PI;29.09;TN;22.880;0.137;756.76;0;756.76;1136040;1136358;318;22880;PENDIENTE_CARGA;procesados/RNM/2026-09/20261009164005.pdf;Albaran 1. Cliente RNM (pedido RNM por ficha, docs Drogas Vigo). Tarifa 29,09 EUR/TN (Aveiro-Coruna zona Padron). GPT 0,137 (91,18). Internacional PI IVA 0.
2026-10-09;20261009163943.pdf;TLE;;;22/09/2026;23/09/2026;1;FORESA IND.QUIMICAS DEL NOROESTE, S.A.;2025740;1;T;COLA (cod 1);P;72.36;TN;22.320;0.1386;1838.93;21;2225.11;1136408;1137463;1055;22320;PENDIENTE_CARGA;procesados/FORESA/2026-09/20261009164106.pdf;Albaran 2. RES3181->COLA. Caldas->Tarragona (URSA) 72,36. Idx G 0,1386 (223,85).
2026-10-09;20261009163943.pdf;TLE;;;25/09/2026;28/09/2026;403;QUIMIDROGA, S.A.;709434;B;MEMMA;VINKA-PLAST (cod VINKA);P;88.25;TN;24.100;0.137;2418.21;21;2926.03;1137610;1138998;1388;24100;PENDIENTE_CARGA;procesados/QUIMIDROGA/2026-09/20261009164124.pdf;Albaran 3. Barcelona->Mem Martins (Adreta) 88,25. Idx G 0,137 (291,38). Quimidroga factura Portugal como nacional.
2026-10-09;20261009163943.pdf;TLE;;;28/09/2026;29/09/2026;661;RNM TRANSPORTES QUIMICOS, LDA;0941027097;AVEIR;TORO;SOSA (cod 51);PI; PENDIENTE;TN;22.800;0.137;;0;;1139336;1139755;419;22800;TARIFA_PENDIENTE;procesados/RNM/2026-09/20261009164146.pdf;Albaran 4. Tarifa Aveiro->Toro/Zamora PENDIENTE (no hay tarifa). Cargar albaran, porte+index pendientes. GPT 0,137. Internacional PI IVA 0. Quesos del Duero.
2026-10-09;20261009163943.pdf;TLE;;;30/09/2026;01/10/2026;661;RNM TRANSPORTES QUIMICOS, LDA;0141169539;AVILE;SINES;ACIDO SULFURICO (cod 20);PI; PENDIENTE;TN;22.080;0.137;;0;;1140102;1141067;965;22080;TARIFA_PENDIENTE;procesados/RNM/2026-09/20261009164217.pdf;Albaran 5. Carga Ferquiastur/Asturiana Zinc para RNM. Tarifa Aviles->Sines PENDIENTE (no hay tarifa). Cargar albaran, porte+index pendientes. GPT 0,137. Internacional PI IVA 0. Enerfuel.
2026-10-09;20261009185306.pdf;TLE;;;25/09/2026;01/10/2026;1;FORESA IND.QUIMICAS DEL NOROESTE, S.A.;2027535;1;HARIN;COLA (cod 1);P;64.04;TN;24,38;0,1386;1777.70;21;2151.02;352600;353695;1059;24380;PENDIENTE_CARGA;procesados/FORESA/2026-09/20261009185425.pdf;A1 multiproducto RES1440+RES2130. REVISAR tarifa (64,04 general vs 69,38 juego anterior) y peso (albaran RES1440 19.200 + RES2130 ~4.580). Cascada Caldas->Valencia.
2026-10-09;20261009185306.pdf;TLE;;;02/10/2026;06/10/2026;403;QUIMIDROGA, S.A.;710250;B;PADRO;LISINA (cod 62);P;79.71;TN;24,68;0,145;2252.49;21;2725.51;354055;355362;1267;24680;PENDIENTE_CARGA;procesados/QUIMIDROGA/2026-10/20261009185319.pdf;A2 Relisa (lugar carga) -> cliente QUIMIDROGA. Barcelona->Padron 79,71 (zona Coruna/Pontevedra). Idx G Oct 0,145.
2026-10-09;20261009185502.pdf;TLE;;;30/09/2026;02/10/2026;661;RNM TRANSPORTES QUIMICOS, LDA;0141169643;AVEIR;PO;SOSA (cod 51);PI;19.26;TN;24,24;0,137;530.82;0;530.82;4252;4548;296;24240;PENDIENTE_CARGA;procesados/RNM/2026-09/20261009185533.pdf;B1 RNM Aveiro->Pontevedra (ENCE) 19,26. GPT Otros sept 0,137.
2026-10-09;20261009185502.pdf;TLE;;;01/10/2026;01/10/2026;1;FORESA IND.QUIMICAS DEL NOROESTE, S.A.;2027312;1;OR;COLA (cod 1);P;;TN;24,64;0,1664;;21;;4569;4693;124;24640;TARIFA_PENDIENTE;procesados/FORESA/2026-10/20261009185556.pdf;B2 FORESA Caldas->Orense (Finsa Orember). Tarifa PENDIENTE (no esta en general). Idx G Oct 0,1664. ABEIRO 3009->COLA.
2026-10-09;20261009185502.pdf;TLE;;;05/10/2026;06/10/2026;661;RNM TRANSPORTES QUIMICOS, LDA;0941027205;AVEIR;REVISAR;SOSA (cod 51);PI;;TN;24,02;0,145;;0;;5136;5604;468;24020;TARIFA_PENDIENTE;procesados/RNM/2026-10/20261009185631.pdf;B3 RNM Aveiro->Montehermoso/Caceres (Acenorca). Tarifa PENDIENTE y cod destino sin punto (REVISAR). GPT Otros Oct 0,145.
2026-10-09;20261009185701.pdf;TLE;;;02/10/2026;05/10/2026;1;FORESA IND.QUIMICAS DEL NOROESTE, S.A.;2028736;1;9731;COLA (cod 1);P;72.36;TN;22,94;0,1664;1936.15;21;2342.74;86816;88016;1200;22940;PENDIENTE_CARGA;procesados/FORESA/2026-10/20261009185709.pdf;C1 FORESA Caldas->Tordera (IP Decor) 72,36. Idx G Oct 0,1664. RES0011->COLA.
2026-10-09;20261009185701.pdf;TLE;;;06/10/2026;08/10/2026;403;QUIMIDROGA, S.A.;710701;B;CORTE;VINKA-PLAST (cod VINKA);P;84.68;TN;22,22;0,145;2154.42;21;2606.85;88143;89313;1170;22220;PENDIENTE_CARGA;procesados/QUIMIDROGA/2026-10/20261009185721.pdf;C2 QUIMIDROGA Barcelona->Cortegaca (Continental PT) multiproducto VINKA 84,68 (zona Aveiro). Idx G Oct 0,145.
2026-10-09;20261009185701.pdf;TLE;;;08/10/2026;09/10/2026;661;RNM TRANSPORTES QUIMICOS, LDA;0141170178;AVEIR;PO;SOSA (cod 51);PI;19.26;TN;23,98;0,145;528.82;0;528.82;89381;89673;292;23980;PENDIENTE_CARGA;procesados/RNM/2026-10/20261009185741.pdf;C3 RNM Aveiro->Pontevedra (ENCE) 19,26. GPT Otros Oct 0,145.
