M;Cód.Car.;Carga;Descripción;Cód.Uni.;Unidad Medida;Cód.Con.;Concepto Albarán;Cód.ONO;Cód.ADR;Cód.LER;Enviar;Exenta IVA;Aviso;Cód. CAS;Cód. Certificación;Ub.;ADR-NºON;ADR-CLASE;ADR-CÓD.CLASIF.;ADR-GRUPO EMBALAJE;ADR-ETIQUETAS;ADR-CATEG.TRANSPORTE;ADR-NºIDNTIF.PELIGRO
FALSO;ESTEAR;A.ESTEARICO;;;;;;;;;;;;;;;;;;;;;
FALSO;A12666;A126666;;;;;;;;;;;;;;;;;;;;;
FALSO;79;ABONO;;;;;;;;;;;;;;;;;;;;;
FALSO;13;ABONO FRA. 06/4;;;;;;;;;;;;;;;;;;;;;
FALSO;ABONO;ABONO FRA.07/120;;;;;;;;;;;;;;;;;;;;;
FALSO;AC8;AC81511;;;;;;;;;;;;;;;;;;;;;
FALSO;21;ACEITE;;;;;;;;;;;;;;;;;;;;;
FALSO;AQUILA;ACET.ALQUILAMINA;;;;;;;;;;;;;;;;;;;;;
FALSO;98;ACETATO;;;;;;;;;;;;;;;;;;;;;
FALSO;24;ACETATO DE BUTILO;;;;;;;;;;;;;;;;;;;;;
FALSO;31;ACETATO DE ETILO;;;;;;;;;;;;;;;;;;;;;
FALSO;VINILO;ACETATO DE VINILO;;;;;;;;;;;;;;;;;;;;;
FALSO;ISOBUT;ACETATO ISOBUTILO;;;;;;;;;;;;;;;;;;;;;
FALSO;53;ACETATO METILO;;;;;;;;;;;;;;;;;;;;;
FALSO;ACETON;ACETONA;;;;;;;;;;;;;;;;;;;;;
FALSO;ACETIC;ACIDO ACETICO;;;;;;;;;;;;;;;;;;;;;
FALSO;102;ACIDO ACRILICO;;;;;;;;;;;;;;;;;;;;;
FALSO;CITRIC;ACIDO CITRICO;;;;;;;;;;;;;;;;;;;;;
FALSO;100;ACIDO CLORH.;;;;;;;;;;;;;;;;;;;;;
FALSO;FENOLS;ACIDO FENOLSOFINICO;;;;;;;;;;;;;;;;;;;;;
FALSO;FORMIC;ACIDO FORMICO;;;;;;;;;;;;;;;;;;;;;
FALSO;67;ACIDO FOSFORICO;;;;;;;;;;;;;;;;;;;;;
FALSO;FUMARI;ACIDO FUMARICO;;;;;;;;;;;;;;;;;;;;;
FALSO;ACIDOG;ACIDO GRASO;;;;;;;;;;;;;;;;;;;;;
FALSO;INORGA;ACIDO INORGANICO;;;;;;;;;;;;;;;;;;;;;
FALSO;METACR;ACIDO METACRILICO;;;;;;;;;;;;;;;;;;;;;
FALSO;89;ACIDO NITRICO;;;;;;;;;;;;;;;;;;;;;
FALSO;OLEICO;ACIDO OLEICO;;;;;;;;;;;;;;;;;;;;;
FALSO;PALMIT;ACIDO PALMITICO;;;;;;;;;;;;;;;;;;;;;
FALSO;PROPIO;ACIDO PROPIONICO;;;;;;;;;;;;;;;;;;;;;
FALSO;ACIDOS;ACIDO SULFONICO;;;;;;;;;;;;;;;;;;;;;
FALSO;20;ACIDO SULFURICO;;;;;;;;;;;;;;;;;;;;;
FALSO;ARILSU;ACIDOS ARILSULFORNICOS;;;;;;;;;;;;;;;;;;;;;
FALSO;ACIFEE;ACIFEED;;;;;;;;;;;;;;;;;;;;;
FALSO;ACRELA;ACRELATO BUTILO;;;;;;;;;;;;;;;;;;;;;
FALSO;ACREL;ACRELATO ETILO;;;;;;;;;;;;;;;;;;;;;
FALSO;ACRETI;ACRIL.ETILO;;;;;;;;;;;;;;;;;;;;;
FALSO;ACRODU;ACRODUR;;;;;;;;;;;;;;;;;;;;;
FALSO;37;ACRONAL;;;;;;;;;;;;;;;;;;;;;
FALSO;ADBLUE;ADBLUE;;;;;;;;;;;;;;;;;;;;;
FALSO;ADDITI;ADDITIF;;;;;;;;;;;;;;;;;;;;;
FALSO;ADICRI;ADICRIL;;;;;;;;;;;;;;;;;;;;;
FALSO;14;ADITIVO;;;;;;;;;;;;;;;;;;;;;
FALSO;AEMOIL;AEMOIL;;;;;;;;;;;;;;;;;;;;;
FALSO;11;AGUA;;;;;;;;;;;;;;;;;;;;;
FALSO;DESMIN;AGUA DESMINER.;;;;;;;;;;;;;;;;;;;;;
FALSO;76;AGUARDIENTE;;;;;;;;;;;;;;;;;;;;;
FALSO;AGUARR;AGUARRAS;;;;;;;;;;;;;;;;;;;;;
FALSO;50;AGUAS RESIDUALES;;;;;;;;;;;;;;;;;;;;;
FALSO;AIRBLU;AIRBLUE;;;;;;;;;;;;;;;;;;;;;
FALSO;103;ALAMBRE;;;;;;;;;;;;;;;;;;;;;
FALSO;ALARIA;ALARIA;;;;;;;;;;;;;;;;;;;;;
FALSO;83;ALCOHOL;;;;;;;;;;;;;;;;;;;;;
FALSO;26;ALCUPOL;;;;;;;;;;;;;;;;;;;;;
FALSO;ALIMEN;ALIMENTACION;;;;;;;;;;;;;;;;;;;;;
FALSO;ALKANO;ALKANOLAMINE;;;;;;;;;;;;;;;;;;;;;
FALSO;ALQUIL;ALQUILER;;;;;;;;;;;;;;;;;;;;;
FALSO;BULK;ALS-LC BULK;;;;;;;;;;;;;;;;;;;;;
FALSO;ALUMNA;ALUMINATO SODICO;;;;;;;;;;;;;;;;;;;;;
FALSO;ALUMIN;ALUMINIO;;;;;;;;;;;;;;;;;;;;;
FALSO;ALULIQ;ALUMINIO LIQUIDO;;;;;;;;;;;;;;;;;;;;;
FALSO;33;AMONIACO;;;;;;;;;;;;;;;;;;;;;
FALSO;ANDAMI;ANDAMIOS;;;;;;;;;;;;;;;;;;;;;
FALSO;ANILIN;ANILINA;;;;;;;;;;;;;;;;;;;;;
FALSO;APERIT;APERITIVOS;;;;;;;;;;;;;;;;;;;;;
FALSO;AQUA;AQUA-QUENCH;;;;;;;;;;;;;;;;;;;;;
FALSO;ARGINA;ARGINA;;;;;;;;;;;;;;;;;;;;;
FALSO;ARROZ;ARROZ;;;;;;;;;;;;;;;;;;;;;
FALSO;ARTPIS;ART.PISCINAS;;;;;;;;;;;;;;;;;;;;;
FALSO;ASFALT;ASFALTO;;;;;;;;;;;;;;;;;;;;;
FALSO;AUTOMO;AUTOMOCION;;;;;;;;;;;;;;;;;;;;;
FALSO;AXILA;AXILAT;;;;;;;;;;;;;;;;;;;;;
FALSO;96;AZEOTROPO;;;;;;;;;;;;;;;;;;;;;
FALSO;AZUCAR;AZUCAR;;;;;;;;;;;;;;;;;;;;;
FALSO;BAKELI;BAKELITE;;;;;;;;;;;;;;;;;;;;;
FALSO;BANAST;BANASTAS;;;;;;;;;;;;;;;;;;;;;
FALSO;BARAN;BARANDILLAS;;;;;;;;;;;;;;;;;;;;;
FALSO;BARQUA;BARQUAT;;;;;;;;;;;;;;;;;;;;;
FALSO;BATERI;BATERIAS;;;;;;;;;;;;;;;;;;;;;
FALSO;BAZAR;BAZAR;;;;;;;;;;;;;;;;;;;;;
FALSO;BRIAL;BD BRIAL;;;;;;;;;;;;;;;;;;;;;
FALSO;48;BEBIDAS;;;;;;;;;;;;;;;;;;;;;
FALSO;BENCEN;BENCENOGT;;;;;;;;;;;;;;;;;;;;;
FALSO;BETA;BETA MSHF;;;;;;;;;;;;;;;;;;;;;
FALSO;BETUN;BETUN ALSF.;;;;;;;;;;;;;;;;;;;;;
FALSO;BIDONE;BIDONES;;;;;;;;;;;;;;;;;;;;;
FALSO;BIODIE;BIODIESEL;;;;;;;;;;;;;;;;;;;;;
FALSO;BIOETA;BIOETANOL;;;;;;;;;;;;;;;;;;;;;
FALSO;OIL;BIOHEATING OIL;;;;;;;;;;;;;;;;;;;;;
FALSO;BIOPOL;BIOPOL;;;;;;;;;;;;;;;;;;;;;
FALSO;46;BISULFITO SODICO;;;;;;;;;;;;;;;;;;;;;
FALSO;BOBIN;BOBINAS;;;;;;;;;;;;;;;;;;;;;
FALSO;BOBINA;BOBINAS HOJALATA;;;;;;;;;;;;;;;;;;;;;
FALSO;BOLLER;BOLLERIA;;;;;;;;;;;;;;;;;;;;;
FALSO;43;BORRASPERSE;;;;;;;;;;;;;;;;;;;;;
FALSO;BOTELL;BOTELLAS;;;;;;;;;;;;;;;;;;;;;
FALSO;87;BRADOL;;;;;;;;;;;;;;;;;;;;;
FALSO;12669;BREAS-DISTILL.RESIDUE;;;;;;;;;;;;;;;;;;;;;
FALSO;BROQUE;BROQUETAS;;;;;;;;;;;;;;;;;;;;;
FALSO;BRYTEN;BRYTEN;;;;;;;;;;;;;;;;;;;;;
FALSO;BUTANO;BUTANOL;;;;;;;;;;;;;;;;;;;;;
FALSO;BUTILD;BUTILDIGLICOL;;;;;;;;;;;;;;;;;;;;;
FALSO;BUTIL;BUTILGLICOL;;;;;;;;;;;;;;;;;;;;;
FALSO;BUTYL;BUTYLGLYCOL;;;;;;;;;;;;;;;;;;;;;
FALSO;C810;C-810L;;;;;;;;;;;;;;;;;;;;;
FALSO;CABALL;CABALLETES;;;;;;;;;;;;;;;;;;;;;
FALSO;10;CABEZA TR.;;;;;;;;;;;;;;;;;;;;;
FALSO;CAFE;CAFE;;;;;;;;;;;;;;;;;;;;;
FALSO;CAJAS;CAJAS;;;;;;;;;;;;;;;;;;;;;
FALSO;CAJA;CAJAS;;;;;;;;;;;;;;;;;;;;;
FALSO;CAMBIO;CAMBIO PAPELES;;;;;;;;;;;;;;;;;;;;;
FALSO;CAPRI;CAPRILATO METILO;;;;;;;;;;;;;;;;;;;;;
FALSO;CARBOM;CARBOMAP;;;;;;;;;;;;;;;;;;;;;
FALSO;BARIO;CARBONATO BARIO;;;;;;;;;;;;;;;;;;;;;
FALSO;CARGA;CARGA ADICIONAL;;;;;;;;;;;;;;;;;;;;;
FALSO;CARDES;CARGA/DESCARGA;;;;;;;;;;;;;;;;;;;;;
FALSO;12672;CARGA/DESCARGA COLA PINATURE;;;;;;;;;;;;;;;;;;;;;
FALSO;93;CARGAS;;;;;;;;;;;;;;;;;;;;;
FALSO;101;CARNE;;;;;;;;;;;;;;;;;;;;;
FALSO;CARTON;CARTON;;;;;;;;;;;;;;;;;;;;;
FALSO;CATAL;CATALYST BDMA;;;;;;;;;;;;;;;;;;;;;
FALSO;CATALY;CATLYST;;;;;;;;;;;;;;;;;;;;;
FALSO;CAUCHO;CAUCHO;;;;;;;;;;;;;;;;;;;;;
FALSO;CBA;CBA 1140;;;;;;;;;;;;;;;;;;;;;
FALSO;CEBOLL;CEBOLLAS;;;;;;;;;;;;;;;;;;;;;
FALSO;CELTIS;CELTIS 902;;;;;;;;;;;;;;;;;;;;;
FALSO;CEMENT;CEMENTO;;;;;;;;;;;;;;;;;;;;;
FALSO;CERVEZ;CERVEZA;;;;;;;;;;;;;;;;;;;;;
FALSO;CHAPA;CHAPA;;;;;;;;;;;;;;;;;;;;;
FALSO;CHOCOL;CHOCOLATE;;;;;;;;;;;;;;;;;;;;;
FALSO;CHRYSO;CHRYSO;;;;;;;;;;;;;;;;;;;;;
FALSO;CICLOH;CICLOHEXANO;;;;;;;;;;;;;;;;;;;;;
FALSO;CIDOMI;CIDOMIX;;;;;;;;;;;;;;;;;;;;;
FALSO;CIPTON;CIPTON;;;;;;;;;;;;;;;;;;;;;
FALSO;ABOÑO;CISTERNA EN ABOÑO;;;;;;;;;;;;;;;;;;;;;
FALSO;12;CISTERNA EN DEPOSITO;;;;;;;;;;;;;;;;;;;;;
FALSO;CALCIC;CLOR.CALCICO;;;;;;;;;;;;;;;;;;;;;
FALSO;CLORAT;CLORATO;;;;;;;;;;;;;;;;;;;;;
FALSO;CLORIT;CLORITO;;;;;;;;;;;;;;;;;;;;;
FALSO;CLOALU;CLORURO DE ALUMINIO;;;;;;;;;;;;;;;;;;;;;
FALSO;28;CLORURO DE METILENO;;;;;;;;;;;;;;;;;;;;;
FALSO;CLT;CLT-105;;;;;;;;;;;;;;;;;;;;;
FALSO;CMS;CMS-VINAZA;;;;;;;;;;;;;;;;;;;;;
FALSO;1;COLA;;;;;;;;;;;;;;;;;;;;;
FALSO;FENOLI;COLA FENOLICA;;;;;;;;;;;;;;;;;;;;;
FALSO;ROJA;COLA ROJA;;;;;;;;;;;;;;;;;;;;;
FALSO;17;COLA SACO;;;;;;;;;;;;;;;;;;;;;
FALSO;COLAFO;COLA/FORMOL;;;;;;;;;;;;;;;;;;;;;
FALSO;COLCHO;COLCHONES;;;;;;;;;;;;;;;;;;;;;
FALSO;COLOR;COLORANTE;;;;;;;;;;;;;;;;;;;;;
FALSO;COMEST;COMESTIBLES;;;;;;;;;;;;;;;;;;;;;
FALSO;COMPLE;COMPLEMENTO;;;;;;;;;;;;;;;;;;;;;
FALSO;CG/CAJ;CONGELAD/CAJAS;;;;;;;;;;;;;;;;;;;;;
FALSO;6;CONGELADO;;;;;;;;;;;;;;;;;;;;;
FALSO;CG/MAQ;CONGELADO/MAQUINAS;;;;;;;;;;;;;;;;;;;;;
FALSO;CG/REF;CONGELADO/REFRIGERADO;;;;;;;;;;;;;;;;;;;;;
FALSO;15;CONSERVA;;;;;;;;;;;;;;;;;;;;;
FALSO;CONTEN;CONTENEDORES;;;;;;;;;;;;;;;;;;;;;
FALSO;CONTRA;CONTRAPESOS;;;;;;;;;;;;;;;;;;;;;
FALSO;CRISTA;CRISTAL;;;;;;;;;;;;;;;;;;;;;
FALSO;12677;CUTMAX;;;;;;;;;;;;;;;;;;;;;
FALSO;D40;D 40;;;;;;;;;;;;;;;;;;;;;
FALSO;DABEER;DABEERSEN;;;;;;;;;;;;;;;;;;;;;
FALSO;DABERS;DABEERSEN;;;;;;;;;;;;;;;;;;;;;
FALSO;DEHYDO;DEHYDOL;;;;;;;;;;;;;;;;;;;;;
FALSO;DEHYT;DEHYTON;;;;;;;;;;;;;;;;;;;;;
FALSO;DEMULS;DEMULSENE;;;;;;;;;;;;;;;;;;;;;
FALSO;DERMUL;DERMULSENE;;;;;;;;;;;;;;;;;;;;;
FALSO;DESCAR;DESCARGA;;;;;;;;;;;;;;;;;;;;;
FALSO;12671;DESCARGA EN SABADO;;UN;UNIDADES;;;;;;;;;;;;;;;;;;
FALSO;DESPLA;DESPLAZAMIENTO;;;;;;;;;;;;;;;;;;;;;
FALSO;DESVIO;DESVIO;;;;;;;;;;;;;;;;;;;;;
FALSO;DETERG;DETERGENTE;;;;;;;;;;;;;;;;;;;;;
FALSO;DEVOLU;DEVOLUC.COLA;;;;;;;;;;;;;;;;;;;;;
FALSO;DEVOL.;DEVOLUC.MERCANCIA;;;;;;;;;;;;;;;;;;;;;
FALSO;DEV;DEVOLUCION;;;;;;;;;;;;;;;;;;;;;
FALSO;DIACET;DIACETONA ALCOHOL;;;;;;;;;;;;;;;;;;;;;
FALSO;DIAMIN;DIAMIN T;;;;;;;;;;;;;;;;;;;;;
FALSO;DIETAN;DIETANOLAMINA;;;;;;;;;;;;;;;;;;;;;
FALSO;61;DIETILENGLICOL;;;;;;;;;;;;;;;;;;;;;
FALSO;DIMETI;DIMETILBENC.;;;;;;;;;;;;;;;;;;;;;
FALSO;DIM;DIMETILFORM.;;;;;;;;;;;;;;;;;;;;;
FALSO;DIPROP;DIPROPILENGLICOL;;;;;;;;;;;;;;;;;;;;;
FALSO;90;DISOLVENTE;;;;;;;;;;;;;;;;;;;;;
FALSO;DIVOST;DIVOSTAR;;;;;;;;;;;;;;;;;;;;;
FALSO;58;DK-FLOC;;;;;;;;;;;;;;;;;;;;;
FALSO;DMBA;DMBA;;;;;;;;;;;;;;;;;;;;;
FALSO;DOP;DOP;;;;;;;;;;;;;;;;;;;;;
FALSO;DOTP;DOTP;;;;;;;;;;;;;;;;;;;;;
FALSO;DOWANO;DOWANOL;;;;;;;;;;;;;;;;;;;;;
FALSO;DP;DP 5/50;;;;;;;;;;;;;;;;;;;;;
FALSO;DROGUE;DROGUERIA;;;;;;;;;;;;;;;;;;;;;
FALSO;DROVI;DROVISOL;;;;;;;;;;;;;;;;;;;;;
FALSO;EASYCO;EASYCOL;;;;;;;;;;;;;;;;;;;;;
FALSO;63;ECOLUBE;;;;;;;;;;;;;;;;;;;;;
FALSO;EKA;EKA;;;;;;;;;;;;;;;;;;;;;
FALSO;1374;ELECTROCLOR;;;;;;;;;;;;;;;;;;;;;
FALSO;ELECTR;ELECTRODOMEST.;;;;;;;;;;;;;;;;;;;;;
FALSO;EMPAT;EMPATEN;;;;;;;;;;;;;;;;;;;;;
FALSO;EMULSI;EMULSIBER;;;;;;;;;;;;;;;;;;;;;
FALSO;EMULTE;EMULTEX;;;;;;;;;;;;;;;;;;;;;
FALSO;ENVASA;ENVASADO;;;;;;;;;;;;;;;;;;;;;
FALSO;ENV;ENVASES;;;;;;;;;;;;;;;;;;;;;
FALSO;82;ENVASES BEBIDAS;;;;;;;;;;;;;;;;;;;;;
FALSO;DIRECT;ENVIO DIR.;;;;;;;;;;;;;;;;;;;;;
FALSO;12670;EQ-23-V;;;;;;;1993;;;;;;;;;;;;;;
FALSO;ESPUMA;ESPUMA;;;;;;;;;;;;;;;;;;;;;
FALSO;ESTERM;ESTERMETIL;;;;;;;;;;;;;;;;;;;;;
FALSO;59;ESTIRENO;;;;;;;;;;;;;;;;;;;;;
FALSO;ETANOL;ETANOL;;;;;;;;;;;;;;;;;;;;;
FALSO;ETHYL;ETHYLHEXANOL;;;;;;;;;;;;;;;;;;;;;
FALSO;EXPOSI;EXPOSITORES;;;;;;;;;;;;;;;;;;;;;
FALSO;EXTENS;EXTENSOIL;;;;;;;;;;;;;;;;;;;;;
FALSO;EXTRAC;EXTRACTO 60;;;;;;;;;;;;;;;;;;;;;
FALSO;FECULA;FECULA PATATA;;;;;;;;;;;;;;;;;;;;;
FALSO;FENNOS;FENNOSIZE;;;;;;;;;;;;;;;;;;;;;
FALSO;TRENGH;FENNOSTRENGHT;;;;;;;;;;;;;;;;;;;;;
FALSO;FENOL;FENOL FUNDIDO;;;;;;;;;;;;;;;;;;;;;
FALSO;FERRET;FERRETERIA;;;;;;;;;;;;;;;;;;;;;
FALSO;FERRIC;FERRICALAR;;;;;;;;;;;;;;;;;;;;;
FALSO;FERTIL;FERTILIZANTE;;;;;;;;;;;;;;;;;;;;;
FALSO;FIBROC;FIBROCEMENTO;;;;;;;;;;;;;;;;;;;;;
FALSO;41;FIMAPAN;;;;;;;;;;;;;;;;;;;;;
FALSO;55;FIMAPAN/PALETS;;;;;;;;;;;;;;;;;;;;;
FALSO;FINCAT;FINCAT;;;;;;;;;;;;;;;;;;;;;
FALSO;FINTES;FINRES TEST;;;;;;;;;;;;;;;;;;;;;
FALSO;FLEJE;FLEJE;;;;;;;;;;;;;;;;;;;;;
FALSO;FLOCU;FLOCUSOL;;;;;;;;;;;;;;;;;;;;;
FALSO;FLOQUA;FLOQUAT;;;;;;;;;;;;;;;;;;;;;
FALSO;FLOTAD;FLOTADORES;;;;;;;;;;;;;;;;;;;;;
FALSO;70;FLUBE;;;;;;;;;;;;;;;;;;;;;
FALSO;FORLAC;FORLAC 75;;;;;;;;;;;;;;;;;;;;;
FALSO;FORMIP;FORMIPRO;;;;;;;;;;;;;;;;;;;;;
FALSO;3;FORMOL;;;;;;;;;;;;;;;;;;;;;
FALSO;FORMET;FORMOL/METANOL;;;;;;;;;;;;;;;;;;;;;
FALSO;FOSFAT;FOSFATION;;;;;;;;;;;;;;;;;;;;;
FALSO;80;FR CROS;;;;;;;;;;;;;;;;;;;;;
FALSO;FRUTA;FRUTA;;;;;;;;;;;;;;;;;;;;;
FALSO;FRUTCO;FRUTA-CONG.;;;;;;;;;;;;;;;;;;;;;
FALSO;2;FUEL;;;;;;;;;;;;;;;;;;;;;
FALSO;CALDE;FUEL CALD.;;;;;;;;;;;;;;;;;;;;;
FALSO;FUNGI;FUNGI-GAL;;;;;;;;;;;;;;;;;;;;;
FALSO;8;GALLETAS;;;;;;;;;;;;;;;;;;;;;
FALSO;GARDOB;GARDOBOND;;;;;;;;;;;;;;;;;;;;;
FALSO;GARDO;GARDOCLEAN;;;;;;;;;;;;;;;;;;;;;
FALSO;GASOLE;GASOLEO;;;;;;;;;;;;;;;;;;;;;
FALSO;35;GEOTEX HD 40;;;;;;;;;;;;;;;;;;;;;
FALSO;GLICER;GLICERINA;;;;;;;;;;;;;;;;;;;;;
FALSO;GLICOL;GLICOL;;;;;;;;;;;;;;;;;;;;;
FALSO;GOMAS;GOMAS;;;;;;;;;;;;;;;;;;;;;
FALSO;GRANA;GRANALLA;;;;;;;;;;;;;;;;;;;;;
FALSO;GRANOD;GRANODINE;;;;;;;;;;;;;;;;;;;;;
FALSO;GRASA;GRASA;;;;;;;;;;;;;;;;;;;;;
FALSO;GRINCO;GRINCO M;;;;;;;;;;;;;;;;;;;;;
FALSO;GRUPAJ;GRUPAJE;;;;;;;;;;;;;;;;;;;;;
FALSO;18;HARINA;;;;;;;;;;;;;;;;;;;;;
FALSO;60;HAVOLINE;;;;;;;;;;;;;;;;;;;;;
FALSO;HELAD;HELADOS;;;;;;;;;;;;;;;;;;;;;
FALSO;99;HEPTANO;;;;;;;;;;;;;;;;;;;;;
FALSO;HEXAMO;HEXAMOLL;;;;;;;;;;;;;;;;;;;;;
FALSO;HEXANO;HEXANO;;;;;;;;;;;;;;;;;;;;;
FALSO;HIDR;HIDROXIDO POTASICO;;;;;;;;;;;;;;;;;;;;;
FALSO;65;HIDROXIDO SODICO;;;;;;;;;;;;;;;;;;;;;
FALSO;HIELO;HIELO;;;;;;;;;;;;;;;;;;;;;
FALSO;HIERRO;HIERRO;;;;;;;;;;;;;;;;;;;;;
FALSO;HOJAL;HOJALATA;;;;;;;;;;;;;;;;;;;;;
FALSO;HOOPOL;HOOPOL;;;;;;;;;;;;;;;;;;;;;
FALSO;HUEVOS;HUEVOS;;;;;;;;;;;;;;;;;;;;;
FALSO;IBERPA;IBERPAN;;;;;;;;;;;;;;;;;;;;;
FALSO;ILUMIN;ILUMINACION;;;;;;;;;;;;;;;;;;;;;
FALSO;IMPRES;IMPRESS;;;;;;;;;;;;;;;;;;;;;
FALSO;INOPON;INOPON;;;;;;;;;;;;;;;;;;;;;
FALSO;IPA;IPA;;;;;;;;;;;;;;;;;;;;;
FALSO;IQOXIN;IQOXINOL;;;;;;;;;;;;;;;;;;;;;
FALSO;ISOB;ISOBUTANOL;;;;;;;;;;;;;;;;;;;;;
FALSO;91;ISOPROPANOL;;;;;;;;;;;;;;;;;;;;;
FALSO;16;JABON;;;;;;;;;;;;;;;;;;;;;
FALSO;JAYFLE;JAYLEX DINP;;;;;;;;;;;;;;;;;;;;;
FALSO;JUGUET;JUGUETES;;;;;;;;;;;;;;;;;;;;;
FALSO;KEMFLU;KEMFLUID;;;;;;;;;;;;;;;;;;;;;
FALSO;KYMENE;KYMENE;;;;;;;;;;;;;;;;;;;;;
FALSO;LACTEO;LACTEOS;;;;;;;;;;;;;;;;;;;;;
FALSO;LADRIL;LADRILLO;;;;;;;;;;;;;;;;;;;;;
FALSO;LASACI;LASACID;;;;;;;;;;;;;;;;;;;;;
FALSO;LATEX;LATEX;;;;;;;;;;;;;;;;;;;;;
FALSO;LAURIL;LAURIL ETER;;;;;;;;;;;;;;;;;;;;;
FALSO;25;LAVADO;;;;;;;;;;;;;;;;;;;;;
FALSO;LECHAV;LECHAVIT;;;;;;;;;;;;;;;;;;;;;
FALSO;LECHE;LECHE;;;;;;;;;;;;;;;;;;;;;
FALSO;LEUCOP;LEUCOPHOR;;;;;;;;;;;;;;;;;;;;;
FALSO;FLEX;LG FLEX;;;;;;;;;;;;;;;;;;;;;
FALSO;LIAS;LIAS VINO;;;;;;;;;;;;;;;;;;;;;
FALSO;LIBROS;LIBROS;;;;;;;;;;;;;;;;;;;;;
FALSO;38;LIGNEX NAL;;;;;;;;;;;;;;;;;;;;;
FALSO;42;LIGNEX NAL;;;;;;;;;;;;;;;;;;;;;
FALSO;LIGNOB;LIGNOBOND;;;;;;;;;;;;;;;;;;;;;
FALSO;KAÑA;LIGNOKAÑA;;;;;;;;;;;;;;;;;;;;;
FALSO;LIGNOK;LIGNOKAÑA;;;;;;;;;;;;;;;;;;;;;
FALSO;34;LIGNOSULFONATE;;;;;;;;;;;;;;;;;;;;;
FALSO;LINOSU;LINOSULFORATO;;;;;;;;;;;;;;;;;;;;;
FALSO;ORGAN;LIQ.ORGAN.CORROSIVO;;;;;;;;;;;;;;;;;;;;;
FALSO;62;LISINA;;;;;;;;;;;;;;;;;;;;;
FALSO;LUPRO;LUPROMIX;;;;;;;;;;;;;;;;;;;;;
FALSO;MADERA;MADERA;;;;;;;;;;;;;;;;;;;;;
FALSO;MAGNES;MAGNESITA;;;;;;;;;;;;;;;;;;;;;
FALSO;MAMMFO;MAMMFOR;;;;;;;;;;;;;;;;;;;;;
FALSO;MANGAN;MANGANESO;;;;;;;;;;;;;;;;;;;;;
FALSO;MANTEC;MANTECA;;;;;;;;;;;;;;;;;;;;;
FALSO;MAQUIN;MAQUINA;;;;;;;;;;;;;;;;;;;;;
FALSO;MAQU;MAQUINAS;;;;;;;;;;;;;;;;;;;;;
FALSO;MARGAR;MARGARINA;;;;;;;;;;;;;;;;;;;;;
FALSO;MARMOL;MARMOL;;;;;;;;;;;;;;;;;;;;;
FALSO;MASPHA;MASPHATE;;;;;;;;;;;;;;;;;;;;;
FALSO;MAT;MAT 330D;;;;;;;;;;;;;;;;;;;;;
FALSO;OBRA;MAT. OBRA;;;;;;;;;;;;;;;;;;;;;
FALSO;1373;MATERIAL FERIA;;;;;;;;;;;;;;;;;;;;;
FALSO;MEG;MEG;;;;;;;;;;;;;;;;;;;;;
FALSO;MELAZA;MELAZA;;;;;;;;;;;;;;;;;;;;;
FALSO;VARIAS;MERCANC.VARIAS;;;;;;;;;;;;;;;;;;;;;
FALSO;METAL;METAL;;;;;;;;;;;;;;;;;;;;;
FALSO;METALT;METALEST;;;;;;;;;;;;;;;;;;;;;
FALSO;5;METANOL;;;;;;;;;;;;;;;;;;;;;
FALSO;METANO;METANOL DEVUELTO;;;;;;;;;;;;;;;;;;;;;
FALSO;METHAN;METHAM-NA;;;;;;;;;;;;;;;;;;;;;
FALSO;METHYL;METHYL GLYCOL;;;;;;;;;;;;;;;;;;;;;
FALSO;77;METIL ESTER;;;;;;;;;;;;;;;;;;;;;
FALSO;METIL;METIL ESTER;;;;;;;;;;;;;;;;;;;;;
FALSO;ETER;METIL ETER;;;;;;;;;;;;;;;;;;;;;
FALSO;22;METIL ETIL CETONA;;;;;;;;;;;;;;;;;;;;;
FALSO;METILP;METIL PROXITOL;;;;;;;;;;;;;;;;;;;;;
FALSO;METMET;METILMETACRILATO;;;;;;;;;;;;;;;;;;;;;
FALSO;97;METILO;;;;;;;;;;;;;;;;;;;;;
FALSO;METOXI;METOXIPROPANOL;;;;;;;;;;;;;;;;;;;;;
FALSO;METROX;METROXIPROPILO;;;;;;;;;;;;;;;;;;;;;
FALSO;MEXIFL;MEXIFLEX;;;;;;;;;;;;;;;;;;;;;
FALSO;MONOET;MONOETHANOLAMINA;;;;;;;;;;;;;;;;;;;;;
FALSO;MONOE;MONOETILENGLICOL;;;;;;;;;;;;;;;;;;;;;
FALSO;45;MOWILIT;;;;;;;;;;;;;;;;;;;;;
FALSO;MUEBLE;MUEBLES;;;;;;;;;;;;;;;;;;;;;
FALSO;N32;N-32;;;;;;;;;;;;;;;;;;;;;
FALSO;NARANJ;NARANJAS;;;;;;;;;;;;;;;;;;;;;
FALSO;NATA;NATA;;;;;;;;;;;;;;;;;;;;;
FALSO;NEMOL;NEMOL;;;;;;;;;;;;;;;;;;;;;
FALSO;AMONIC;NITR.AMONICO;;;;;;;;;;;;;;;;;;;;;
FALSO;ETILHE;NITR.ETILHEXILO;;;;;;;;;;;;;;;;;;;;;
FALSO;NITRMA;NITRAT.MAGNES.;;;;;;;;;;;;;;;;;;;;;
FALSO;36;NOPCOMASTER;;;;;;;;;;;;;;;;;;;;;
FALSO;NORLAN;NORLAN;;;;;;;;;;;;;;;;;;;;;
FALSO;73;NORSODYNE;;;;;;;;;;;;;;;;;;;;;
FALSO;NOVA;NOVADEX;;;;;;;;;;;;;;;;;;;;;
FALSO;1375;NTA NA3;;;;;;;;;;;;;;;;;;;;;
FALSO;NYFLEX;NYFLEX;;;;;;;;;;;;;;;;;;;;;
FALSO;NYTEX;NYTEX;;;;;;;;;;;;;;;;;;;;;
FALSO;29;NYTRO;;;;;;;;;;;;;;;;;;;;;
FALSO;NITRO;NYTRO TAURUS;;;;;;;;;;;;;;;;;;;;;
FALSO;OLCUPO;OLCUPOL;;;;;;;;;;;;;;;;;;;;;
FALSO;OLEINA;OLEINA;;;;;;;;;;;;;;;;;;;;;
FALSO;47;OROTAN;;;;;;;;;;;;;;;;;;;;;
FALSO;OXIDMA;OXIDO DE MANGANESO;;;;;;;;;;;;;;;;;;;;;
FALSO;OXILAN;OXILAN;;;;;;;;;;;;;;;;;;;;;
FALSO;OXSILA;OXSILAN;;;;;;;;;;;;;;;;;;;;;
FALSO;PAJA;PAJA;;;;;;;;;;;;;;;;;;;;;
FALSO;68;PALATINOL;;;;;;;;;;;;;;;;;;;;;
FALSO;PALETI;PALETIZADO;;;;;;;;;;;;;;;;;;;;;
FALSO;54;PALETS;;;;;;;;;;;;;;;;;;;;;
FALSO;PALLET;PALLETS;;;;;;;;;;;;;;;;;;;;;
FALSO;PAN;PAN;;;;;;;;;;;;;;;;;;;;;
FALSO;PANCON;PAN CONGELADO;;;;;;;;;;;;;;;;;;;;;
FALSO;RALLAD;PAN RALLADO;;;;;;;;;;;;;;;;;;;;;
FALSO;PANEL;PANEL;;;;;;;;;;;;;;;;;;;;;
FALSO;PANELE;PANELES;;;;;;;;;;;;;;;;;;;;;
FALSO;PAPEL;PAPEL;;;;;;;;;;;;;;;;;;;;;
FALSO;32;PAPEL HIGIENICO;;;;;;;;;;;;;;;;;;;;;
FALSO;PAQUET;PAQUETERIA;;;;;;;;;;;;;;;;;;;;;
FALSO;PARAC;PARACHLOR-52;;;;;;;;;;;;;;;;;;;;;
FALSO;4;PARAFINA;;;;;;;;;;;;;;;;;;;;;
FALSO;PARAFL;PARAFLOU FO2;;;;;;;;;;;;;;;;;;;;;
FALSO;39;PARALIZACION;;;;;;;;;;;;;;;;;;;;;
FALSO;PARALI;PARALIZACION;;;;;;;;;;;;;;;;;;;;;
FALSO;PASCAL;PASCAL;;;;;;;;;;;;;;;;;;;;;
FALSO;PASTAP;PASTA DE PAPEL;;;;;;;;;;;;;;;;;;;;;
FALSO;PASTA;PASTA PAPEL;;;;;;;;;;;;;;;;;;;;;
FALSO;66;PATATAS;;;;;;;;;;;;;;;;;;;;;
FALSO;PAVIME;PAVIMENTOS;;;;;;;;;;;;;;;;;;;;;
FALSO;PAX;PAX;;;;;;;;;;;;;;;;;;;;;
FALSO;PAÑALE;PAÑALES;;;;;;;;;;;;;;;;;;;;;
FALSO;PEAJES;PEAJES;;;;;;;;;;;;;;;;;;;;;
FALSO;PELLET;PELLETS;;;;;;;;;;;;;;;;;;;;;
FALSO;PERCLO;PERCLORORETILENO;;;;;;;;;;;;;;;;;;;;;
FALSO;92;PESCADO;;;;;;;;;;;;;;;;;;;;;
FALSO;12667;PET 9331;;;;;;;;;;;;;;;;;;;;;
FALSO;PETRIL;PETRIL;;;;;;;;;;;;;;;;;;;;;
FALSO;PETROS;PETROSOL;;;;;;;;;;;;;;;;;;;;;
FALSO;PIEDRA;PIEDRA;;;;;;;;;;;;;;;;;;;;;
FALSO;PIENSO;PIENSO;;;;;;;;;;;;;;;;;;;;;
FALSO;PIGMEN;PIGMENTANTE;;;;;;;;;;;;;;;;;;;;;
FALSO;PINATU;PINATURE;;;;;;;;;;;;;;;;;;;;;
FALSO;PINTUR;PINTURA;;;;;;;;;;;;;;;;;;;;;
FALSO;PIROTE;PIROTECNIA;;;;;;;;;;;;;;;;;;;;;
FALSO;PISCIN;PISCINAS;;;;;;;;;;;;;;;;;;;;;
FALSO;PIZARR;PIZARRA;;;;;;;;;;;;;;;;;;;;;
FALSO;PLADUR;PLADUR;;;;;;;;;;;;;;;;;;;;;
FALSO;PLANTA;PLANTAS;;;;;;;;;;;;;;;;;;;;;
FALSO;PLAS;PLASTICOS;;;;;;;;;;;;;;;;;;;;;
FALSO;PLASTI;PLASTIFICANTE;;;;;;;;;;;;;;;;;;;;;
FALSO;PLAXTE;PLAXTER;;;;;;;;;;;;;;;;;;;;;
FALSO;PLETIN;PLETINA;;;;;;;;;;;;;;;;;;;;;
FALSO;1372;PO 1372 R;;;;;;;;;;;;;;;;;;;;;
FALSO;POLIAM;POLIAMINAS;;;;;;;;;;;;;;;;;;;;;
FALSO;84;POLICLORURO;;;;;;;;;;;;;;;;;;;;;
FALSO;POLIET;POLIETILENGLICOL;;;;;;;;;;;;;;;;;;;;;
FALSO;POLIFL;POLIFLUX;;;;;;;;;;;;;;;;;;;;;
FALSO;POLIFO;POLIFOSFATO;;;;;;;;;;;;;;;;;;;;;
FALSO;POLI;POLIOL;;;;;;;;;;;;;;;;;;;;;
FALSO;POLIOL;POLIOLESINA;;;;;;;;;;;;;;;;;;;;;
FALSO;POLYFO;POLYFOAN;;;;;;;;;;;;;;;;;;;;;
FALSO;POLYNT;POLYNT;;;;;;;;;;;;;;;;;;;;;
FALSO;POLYOL;POLYOL;;;;;;;;;;;;;;;;;;;;;
FALSO;PHOSPH;POLYPHOSPHATE;;;;;;;;;;;;;;;;;;;;;
FALSO;POLYSO;POLYSOL;;;;;;;;;;;;;;;;;;;;;
FALSO;95;PORCELANA;;;;;;;;;;;;;;;;;;;;;
FALSO;POS;POS COD;;;;;;;;;;;;;;;;;;;;;
FALSO;POTASA;POTASA CAUSTICA;;;;;;;;;;;;;;;;;;;;;
FALSO;POZZO;POZZOLITH;;;;;;;;;;;;;;;;;;;;;
FALSO;PREFHO;PREF.HORMIGON;;;;;;;;;;;;;;;;;;;;;
FALSO;64;PRIMAL;;;;;;;;;;;;;;;;;;;;;
FALSO;FARMAC;PROD.FARMAC.;;;;;;;;;;;;;;;;;;;;;
FALSO;ADR;PRODUCTO ADR;;;;;;;;;;;;;;;;;;;;;
FALSO;NO ADR;PRODUCTO NO ADR;;;;;;;;;;;;;;;;;;;;;
FALSO;PROPAN;PROPANO;;;;;;;;;;;;;;;;;;;;;
FALSO;PROPIL;PROPILENGLICOL;;;;;;;;;;;;;;;;;;;;;
FALSO;PURE;PURE MANZANA;;;;;;;;;;;;;;;;;;;;;
FALSO;QUAT;Q QUAT;;;;;;;;;;;;;;;;;;;;;
FALSO;SOL;Q-SOL;;;;;;;;;;;;;;;;;;;;;
FALSO;FEED;QD FEED;;;;;;;;;;;;;;;;;;;;;
FALSO;QDPOL;QDPOL;;;;;;;;;;;;;;;;;;;;;
FALSO;QPOL;QPOL;;;;;;;;;;;;;;;;;;;;;
FALSO;QUAKER;QUAKERCUT;;;;;;;;;;;;;;;;;;;;;
FALSO;QUAK;QUAKEROL;;;;;;;;;;;;;;;;;;;;;
FALSO;QUATTR;QUATTRO;;;;;;;;;;;;;;;;;;;;;
FALSO;QUESO;QUESO;;;;;;;;;;;;;;;;;;;;;
FALSO;QUINTO;QUINTOLUBRIC;;;;;;;;;;;;;;;;;;;;;
FALSO;RADIAD;RADIADORES;;;;;;;;;;;;;;;;;;;;;
FALSO;57;REBAJAR Y DESCARGAR;;;;;;;;;;;;;;;;;;;;;
FALSO;RECICL;RECICLAJE;;;;;;;;;;;;;;;;;;;;;
FALSO;REDEMU;REDEMUL;;;;;;;;;;;;;;;;;;;;;
FALSO;REFRES;REFRESCOS;;;;;;;;;;;;;;;;;;;;;
FALSO;REFRIG;REFRIGERADO;;;;;;;;;;;;;;;;;;;;;
FALSO;7;REPARTOS;;;;;;;;;;;;;;;;;;;;;
FALSO;REPEX;REPEX;;;;;;;;;;;;;;;;;;;;;
FALSO;UF;RES UF-85;;;;;;;;;;;;;;;;;;;;;
FALSO;RESID;RES.COD.LER 070504;;;;;;;;;;;;;;;;;;;;;
FALSO;RESIDU;RES.COD.LER 190814;;;;;;;;;;;;;;;;;;;;;
FALSO;BIODEG;RESID.BIODEGRADABLES;;;;;;;;;;;;;;;;;;;;;
FALSO;12676;RESIDUO UN 3082;;;;;;;;;;;;;;;;;;;;;
FALSO;23;RESINA;;;;;;;;;;;;;;;;;;;;;
FALSO;RESINO;RESINOLINE;;;;;;;;;;;;;;;;;;;;;
FALSO;RETARD;RETARDAN;;;;;;;;;;;;;;;;;;;;;
FALSO;RETORN;RETORNO;;;;;;;;;;;;;;;;;;;;;
FALSO;RF-401;RF-401;;;;;;;;;;;;;;;;;;;;;
FALSO;74;RHODIMET;;;;;;;;;;;;;;;;;;;;;
FALSO;86;RHODIMET;;;;;;;;;;;;;;;;;;;;;
FALSO;RHODOP;RHODOPAS;;;;;;;;;;;;;;;;;;;;;
FALSO;52;RM 245;;;;;;;;;;;;;;;;;;;;;
FALSO;ROPA;ROPA;;;;;;;;;;;;;;;;;;;;;
FALSO;ROPOL;ROPOL;;;;;;;;;;;;;;;;;;;;;
FALSO;ROQUAT;ROQUAT;;;;;;;;;;;;;;;;;;;;;
FALSO;RP;RP CIRCULACION;;;;;;;;;;;;;;;;;;;;;
FALSO;RUEDAS;RUEDAS;;;;;;;;;;;;;;;;;;;;;
FALSO;SAL;SAL;;;;;;;;;;;;;;;;;;;;;
FALSO;SALMO;SALMO-GAL;;;;;;;;;;;;;;;;;;;;;
FALSO;SALMOG;SALMOGAL;;;;;;;;;;;;;;;;;;;;;
FALSO;SANITA;SANITARIOS;;;;;;;;;;;;;;;;;;;;;
FALSO;SCRIPT;SCRIPTANE;;;;;;;;;;;;;;;;;;;;;
FALSO;SECO;SECO;;;;;;;;;;;;;;;;;;;;;
FALSO;SEC/CG;SECO/CONGELADO;;;;;;;;;;;;;;;;;;;;;
FALSO;SIKACE;SIKACERAM;;;;;;;;;;;;;;;;;;;;;
FALSO;SIKAME;SIKAMENT;;;;;;;;;;;;;;;;;;;;;
FALSO;49;SILICATO;;;;;;;;;;;;;;;;;;;;;
FALSO;30;SN 300;;;;;;;;;;;;;;;;;;;;;
FALSO;COSTE;SOBRECOSTE;;;;;;;;;;;;;;;;;;;;;
FALSO;SODAL;SODAL;;;;;;;;;;;;;;;;;;;;;
FALSO;SODIO;SODIO SILICATO;;;;;;;;;;;;;;;;;;;;;
FALSO;SOKALA;SOKALAN;;;;;;;;;;;;;;;;;;;;;
FALSO;81;SOLUC.NITROGENADA;;;;;;;;;;;;;;;;;;;;;
FALSO;SOLUCI;SOLUCION ACUOSA;;;;;;;;;;;;;;;;;;;;;
FALSO;SOLVES;SOLVESSO;;;;;;;;;;;;;;;;;;;;;
FALSO;SORBIT;SORBITOL;;;;;;;;;;;;;;;;;;;;;
FALSO;51;SOSA;;;;;;;;;;;;;;;;;;;;;
FALSO;SOSALC;SOSA-ALCOHOL;;;;;;;;;;;;;;;;;;;;;
FALSO;SPIRDA;SPIRDANE;;;;;;;;;;;;;;;;;;;;;
FALSO;STAND;STAND FERIA;;;;;;;;;;;;;;;;;;;;;
FALSO;STEARI;STEARINE;;;;;;;;;;;;;;;;;;;;;
FALSO;69;STYROFAN;;;;;;;;;;;;;;;;;;;;;
FALSO;SUERO;SUERO;;;;;;;;;;;;;;;;;;;;;
FALSO;SULFAM;SULF.AMONICO;;;;;;;;;;;;;;;;;;;;;
FALSO;27;SULFANONA;;;;;;;;;;;;;;;;;;;;;
FALSO;56;SULFATO ALUMINA;;;;;;;;;;;;;;;;;;;;;
FALSO;SULFFE;SULFATO FERRICO;;;;;;;;;;;;;;;;;;;;;
FALSO;SULFSO;SULFATO SODICO;;;;;;;;;;;;;;;;;;;;;
FALSO;SUPERM;SUPERMERCADO;;;;;;;;;;;;;;;;;;;;;
FALSO;12674;SUPLEM. DIESEL-FORESA 18.38%;;;;;;;;;;;;;;;;;;;;;
FALSO;12675;SUPLEM.DIESEL-QUIMIDROGA 5.96%;;;;;;;;;;;;;;;;;;;;;
FALSO;SUPLEM;SUPLEMENTO;;;;;;;;;;;;;;;;;;;;;
FALSO;12673;SUPLEMENTO DIESEL-HELM 8.02%;;;;;;;;;;;;;;;;;;;;;
FALSO;SURFAC;SURFACTAN;;;;;;;;;;;;;;;;;;;;;
FALSO;SYNOLA;SYNOLAC;;;;;;;;;;;;;;;;;;;;;
FALSO;TABLER;TABLERO;;;;;;;;;;;;;;;;;;;;;
FALSO;88;TADAFLOT;;;;;;;;;;;;;;;;;;;;;
FALSO;TALL;TALL OIL;;;;;;;;;;;;;;;;;;;;;
FALSO;TALUPA;TALUPAC;;;;;;;;;;;;;;;;;;;;;
FALSO;TCPP;TCPP;;;;;;;;;;;;;;;;;;;;;
FALSO;TENSIO;TENSION;;;;;;;;;;;;;;;;;;;;;
FALSO;TEREMB;TEREBEMTINA;;;;;;;;;;;;;;;;;;;;;
FALSO;TERRAZ;TERRAZO;;;;;;;;;;;;;;;;;;;;;
FALSO;75;TEXAPON;;;;;;;;;;;;;;;;;;;;;
FALSO;TEXTIL;TEXTIL;;;;;;;;;;;;;;;;;;;;;
FALSO;78;THERMISOL;;;;;;;;;;;;;;;;;;;;;
FALSO;TIERRA;TIERRA;;;;;;;;;;;;;;;;;;;;;
FALSO;TINNOL;TINNOL;;;;;;;;;;;;;;;;;;;;;
FALSO;TINTAS;TINTAS;;;;;;;;;;;;;;;;;;;;;
FALSO;85;TOLUENO;;;;;;;;;;;;;;;;;;;;;
FALSO;TOMATE;TOMATE;;;;;;;;;;;;;;;;;;;;;
FALSO;TOTM;TOTM-S;;;;;;;;;;;;;;;;;;;;;
FALSO;TRACT;TRACTORES;;;;;;;;;;;;;;;;;;;;;
FALSO;SIDER;TRANSF.SIDERURG.;;;;;;;;;;;;;;;;;;;;;
FALSO;TRANSF;TRANSFORMADORES;;;;;;;;;;;;;;;;;;;;;
FALSO;TRIACE;TRIACETINA;;;;;;;;;;;;;;;;;;;;;
FALSO;TRIETA;TRIETANOLAM.;;;;;;;;;;;;;;;;;;;;;
FALSO;TRIETI;TRIETILENGLICOL;;;;;;;;;;;;;;;;;;;;;
FALSO;TRONCO;TRONCOIL;;;;;;;;;;;;;;;;;;;;;
FALSO;TUBO;TUBOS;;;;;;;;;;;;;;;;;;;;;
FALSO;TUBOS;TUBOS PLASTICO;;;;;;;;;;;;;;;;;;;;;
FALSO;UAN;UAN-32;;;;;;;;;;;;;;;;;;;;;
FALSO;19;UF;;;;;;;;;;;;;;;;;;;;;
FALSO;URALIT;URALITA;;;;;;;;;;;;;;;;;;;;;
FALSO;UREA;UREA;;;;;;;;;;;;;;;;;;;;;
FALSO;ZICLUS;V-ZICLUS;;;;;;;;;;;;;;;;;;;;;
FALSO;VACIO;VACIO;;;;;;;;;;;;;;;;;;;;;
FALSO;VANASO;VANASOL;;;;;;;;;;;;;;;;;;;;;
FALSO;9;VARIOS;;;;;;;;;;;;;;;;;;;;;
FALSO;VARNIS;VARNISH;;;;;;;;;;;;;;;;;;;;;
FALSO;VIDRIO;VIDRIO;;;;;;;;;;;;;;;;;;;;;
FALSO;VINAGE;VINAGRE;;;;;;;;;;;;;;;;;;;;;
FALSO;VINKA;VINKA-PLAST;;;;;;;;;;;;;;;;;;;;;
FALSO;40;VINO;;;;;;;;;;;;;;;;;;;;;
FALSO;VISCO;VISCOCRETE;;;;;;;;;;;;;;;;;;;;;
FALSO;VISOM;VISOM;;;;;;;;;;;;;;;;;;;;;
FALSO;VM 410;VM 410;;;;;;;;;;;;;;;;;;;;;
FALSO;VOLUTA;VOLUTA H 300;;;;;;;;;;;;;;;;;;;;;
FALSO;VORANO;VORANOL;;;;;;;;;;;;;;;;;;;;;
FALSO;12668;WAC AB;;;;;;;3264;;;;;;;;;;;;;;
FALSO;44;WHITE SPIRIT;;;;;;;;;;;;;;;;;;;;;
FALSO;WP70;WP 70;;;;;;;;;;;;;;;;;;;;;
FALSO;94;XILENO;;;;;;;;;;;;;;;;;;;;;
FALSO;71;YOGUR;;;;;;;;;;;;;;;;;;;;;
FALSO;ZINC;ZINC;;;;;;;;;;;;;;;;;;;;;
FALSO;72;ZUMOS;;;;;;;;;;;;;;;;;;;;;
