M;Punto;C¢d.Prv.;Provincia;C¢d.Pais;Pa°s;C¢d.Ruta;Ruta;C¢d.Zona;Zona;C¢d.Cli.;Cliente;C¢d.Postal;C¢d.Pto.;Env.Serv.;C¢d.Contc.;Contacto;Ub.
FALSO;A ESTRADA;;;;;;;;;;;;ESTRA;;;;
FALSO;ABRANTES (PT);;;;;;;;;;;;ABRA;;;;
FALSO;ACOR-BIODIESEL;;;;;;;;;;;;ACOR;;;;
FALSO;ACRILATOS, SAU;;;;;;;;;;;;ACRIL;;;;
FALSO;ADHESIVOS GIMPEX, S.L;;;;;;;;;;;;GIMPE;;;;
FALSO;ADIEGO HERMANOS, S.A.;;;;;;;;;;;;ADIEG;;;;
FALSO;AGRELA SANTO TIRSO;;;;;;;;;;;;AGREL;;;;
FALSO;AGUEDA;;;;;;;;;;;;AGUED;;;;
FALSO;AGUILAR CAMPO;;;;;;;;;;;;CAMPO;;;;
FALSO;AGULLENT;;;;;;;;;;;;AGULL;;;;
FALSO;AGURAIN;;;;;;;;;;;;AGURA;;;;
FALSO;AHLSTROM LABELPACK;;;;;;;;;;;;AHLST;;;;
FALSO;ALANQUE;;;;;;;;;;;;ALANQ;;;;
FALSO;ALAVA;;;;;;;;;;;;ALAVA;;;;
FALSO;ALBACETE;AB;ALBACETE;;;;;E;;;;;AB;;;;
FALSO;ALBACETE;;;;;;;;;;;;ALBAC;;;;
FALSO;ALCALA HENARES;;;;;;;;;;;;ALCAL;;;;
FALSO;ALCANENA(PT);;;;;;;;;;;;ALCAN;;;;
FALSO;ALCAZAR DE S. JUAN;;;;;;;;;;;;ALCAZ;;;;
FALSO;ALCA•IZ;;;;;;;;;;;;ALCA•;;;;
FALSO;ALCOBENDAS;;;;;;;;;;;;ALCOB;;;;
FALSO;ALCOVER;;;;;;;;;;;;ALCOV;;;;
FALSO;ALCOVER QUIMINA, S.L.;;;;;;;;;;;;ALCO;;;;
FALSO;ALDEAMAYOR;;;;;;;;;;;;ALDEA;;;;
FALSO;ALEGIA;;;;;;;;;;;;ALEG;;;;
FALSO;ALEMANIA;;;;;;;;;;;;ALEMA;;;;
FALSO;ALENQUER;;;;;;;;;;;;ALENQ;;;;
FALSO;ALFARO;;;;;;;;;;;;ALFAR;;;;
FALSO;ALFENA(PT);;;;;;;;;;;;ALFEN;;;;
FALSO;ALGECIRAS;;;;;;;;;;;;ALGEC;;;;
FALSO;ALGRY QUYIMICA, S.L.;;;;;;;;;;;;ALGRY;;;;
FALSO;ALICANTE;A;ALICANTE;;;;;E;;;;;A;;;;
FALSO;ALICANTE;;;;;;;;;;;;ALICA;;;;
FALSO;ALJUSTREL (PT);;;;;;;;;;;;9713;;;;
FALSO;ALLO;NA;NAVARRA;;;;;;;;;;ALLO;;;;
FALSO;ALMADA (PT);;;;;;;;;;;;ALMA;;;;
FALSO;ALMEIRIN (PT);;;;;;;;;;;;ALMEI;;;;
FALSO;ALMENDRALEJO;;;;;;;;;;;;ALMEN;;;;
FALSO;ALMERIA;AL;ALMER÷A;;;;;E;;;;;AL;;;;
FALSO;ALMODOVAR (PT);;;;;;;;;;;;9714;;;;
FALSO;ALMUSAFFES;;;;;;;;;;;;ALMUS;;;;
FALSO;ALONSOTEGUI;;;;;;;;;;;;ALONS;;;;
FALSO;ALOVERA;;;;;;;;;;;;ALOVE;;;;
FALSO;ALPIARÄA;;;PT;PORTUGAL;;;;;;;;9728;;;;
FALSO;ALTORRICON (HU);;;;;;;;;;;;ALTO;;;;
FALSO;ALVERCA;;;;;;;;;;;;ALVER;;;;
FALSO;AMADORA (PT);;;;;;;;;;;;AMAD;;;;
FALSO;AMBARES;;;;;;;;;;;;AMBAR;;;;
FALSO;AMBERES;;;;;;;;;;;;AMBER;;;;
FALSO;AMELIE LES BAINS;;;;;;;;;;;;AMELI;;;;
FALSO;AMOREBIETA;;;;;;;;;;;;AMORE;;;;
FALSO;AMORIN REVESTIMENTOS, SA;;;;;;;;;;;;AMORI;;;;
FALSO;AMPOSTA;;;;;;;;;;;;AMPOS;;;;
FALSO;ANADIA;;;;;;;;;;;;ANADI;;;;
FALSO;ANDOAIN;;;;;;;;;;;;ANDO;;;;
FALSO;ANDORRA;;;;;;;;;;;;ANDOR;;;;
FALSO;ANLEO;;;;;;;;;;;;ANLEO;;;;
FALSO;ANLEO-SEVARES;;;;;;;;;;;;ANLSE;;;;
FALSO;AQUACRIA AROUSA,SA;;;;;;;;;;;;AQUAC;;;;
FALSO;ARAIA;;;;;;;;;;;;9732;;;;
FALSO;ARANDA DEL DUERO;;;;;;;;;;;;ARAND;;;;
FALSO;ARANGUREN;;;;;;;;;;;;ARANG;;;;
FALSO;ARANJUEZ;;;;;;;;;;;;ARANJ;;;;
FALSO;ARAYA;;;;;;;;;;;;ARAYA;;;;
FALSO;ARAZURI;NA;NAVARRA;;;;;;;;;;ARAZU;;;;
FALSO;ARCHELA CONTRACHAPADOS,SL;;;;;;;;;;;;ARCHE;;;;
FALSO;ARGANIL (PT);;;;;;;;;;;;ARGA;;;;
FALSO;ARNEDO;;;;;;;;;;;;ARNED;;;;
FALSO;ARRANCUDIAGA;;;;;;;;;;;;ARRAN;;;;
FALSO;ARRIGORRIAGA;;;;;;;;;;;;ARRIG;;;;
FALSO;ARTABRA;;;;;;;;;;;;ARTAB;;;;
FALSO;ARTEIXO;;;;;;;;;;;;ARTEI;;;;
FALSO;AS PONTES;;;;;;;;;;;;PONTE;;;;
FALSO;AS SOMOZAS;;;;;;;;;;;;SOMOZ;;;;
FALSO;ASTORGA;;;;;;;;;;;;ASTOR;;;;
FALSO;ASTURIAS;;;;;;;;;;;;ASTUR;;;;
FALSO;ASTURIAS-MARSELLA-PORRI•O;;;;;;;;;;;;ASTLV;;;;
FALSO;ASUA;;;;;;;;;;;;ASUA;;;;
FALSO;AVANCA (PT);;;;;;;;;;;;AVANC;;;;
FALSO;AVEIRO;;;;;;;;;;;;AVEIR;;;;
FALSO;AVILA;AV;µVILA;;;;;E;;;;;AV;;;;
FALSO;AVILES;;;;;;;;;;;;AVILE;;;;
FALSO;AVINTES;;;;;;;;;;;;AVINT;;;;
FALSO;AVIS;;;;;;;;;;;;AVIS;;;;
FALSO;AZAMBUJA(PT);;;;;;;;;;;;AZAMB;;;;
FALSO;AZPEITIA;;;;;;;;;;;;AZPEI;;;;
FALSO;AZUQUECA DE HENARES;;;;;;;;;;;;AZUQU;;;;
FALSO;BADAJOZ;BA;BADAJOZ;;;;;E;;;;;BA;;;;
FALSO;BADALONA;;;;;;;;;;;;BADAL;;;;
FALSO;BADRINAS, SAU;;;;;;;;;;;;BADRI;;;;
FALSO;BAION;;;;;;;;;;;;BAION;;;;
FALSO;BAKELITE IBERICA, SAU;;;;;;;;;;;;BAKEL;;;;
FALSO;BARAKALDO;;;;;;;;;;;;BARAC;;;;
FALSO;BARAKALDO;;;;;;;;;;;;BARAK;;;;
FALSO;BARBASTRO;;;;;;;;;;;;BARBA;;;;
FALSO;BARBERA DEL VALLES;;;;;;;;;;;;BARBE;;;;
FALSO;BARCELONA;B;BARCELONA;;;;;E;;;;;B;;;;
FALSO;BARREIRO(PT);;;;;;;;;;;;BARRE;;;;
FALSO;BASAURI;;;;;;;;;;;;BASAU;;;;
FALSO;BASSENS;;;;;;;;;;;;BASSE;;;;
FALSO;BASTAVALES;;;;;;;;;;;;BASTA;;;;
FALSO;BEGONTE;;;;;;;;;;;;BEGON;;;;
FALSO;BELGICA;;;;;;;BE;;;;;BELGI;;;;
FALSO;BENAVENTE(PORT.);;;;;;;;;;;;BENAV;;;;
FALSO;BENICARLO;;;;;;;;;;;;BENIC;;;;
FALSO;BERA;;;;;;;;;;;;BERA;;;;
FALSO;BERANGO;;;;;;;;;;;;BERAN;;;;
FALSO;BERANTEVILLA;;;;;;;;;;;;BER;;;;
FALSO;BERMEO;;;;;;;;;;;;BERME;;;;
FALSO;BERRE-LETANG;;;;;;;;;;;;BERRE;;;;
FALSO;BETANZOS;;;;;;;;;;;;BET;;;;
FALSO;BILBAO;BI;BILBAO;;;;;E;;;;;BI;;;;
FALSO;BILLABONA;;;;;;;;;;;;BILLA;;;;
FALSO;BIO OILS HUELVA SL;;;;;;;;;;;;BIOHU;;;;
FALSO;BIOCARB.DE CASTILLA,SA;ZA;ZAMORA;;;;;;;;;;BIOCA;;;;
FALSO;BIOCARBUR.SALAMANCA,SA;;;;;;;;;;;;BIOCS;;;;
FALSO;BIOCOM PISUERGA,SA;;;;;;;;;;;;BIOCO;;;;
FALSO;BIODIESEL ARAGON, S.L.;;;;;;;;;;;;ARAGO;;;;
FALSO;BIODIESEL CLM, S.L.;;;;;;;;;;;;BIODI;;;;
FALSO;BIONOR BERANTEVILLA,SLU;;;;;;;;;;;;BION;;;;
FALSO;BIONORTE, S.A.;33;ASTURIAS;;;;;;;;;;BIONO;;;;
FALSO;BIOPORT DIESEL,SA;;;;;;;;;;;;BIOPO;;;;
FALSO;BIOVIGO ENERGY,SL;;;;;;;;;;;;BIOVI;;;;
FALSO;BIZKAIA;;;;;;;;;;;;BIZKA;;;;
FALSO;BOIRO;;;;;;;;;;;;BOIRO;;;;
FALSO;BOURDEAUX;;;;;;;;;;;;BOURD;;;;
FALSO;BRAGA (PT);;;;;;;;;;;;BRAGA;;;;
FALSO;BRAGANÄA (PT);;;;;;;;;;;;BRAG;;;;
FALSO;BRENNTAG ILE FRANCE;;;;;;;;;;;;ILE;;;;
FALSO;BRENNTAG QUIMICA, SA;;;;;;;;;;;;BRENN;;;;
FALSO;BRENNTAG QUIMICA,SA;;;;;;;;;;;;BRENT;;;;
FALSO;BURGOS;BU;BURGOS;;;;;E;;;;;BU;;;;
FALSO;CABANILLAS DEL CAMPO;;;;;;;;;;;;CABAN;;;;
FALSO;CACERES;CC;CµCERES;;;;;E;;;;;CC;;;;
FALSO;CACIA;;;;;;;;;;;;CACIA;;;;
FALSO;CADIZ;CA;CµDIZ;;;;;E;;;;;CA;;;;
FALSO;CALAHORRA;;;;;;;;;;;;CALAH;;;;
FALSO;CALATAYUD;;;;;;;;;;;;CALA;;;;
FALSO;CALDAS DA RAINHA (PT);;;;;;;;;;;;CALD;;;;
FALSO;CALDAS DE REIS;PO;PONTEVEDRA;;;;;;;;;;1;;;;
FALSO;CALDAS RAINHA/AVIS;;;;;;;;;;;;CALAV;;;;
FALSO;CALDAS RAINHA/PENICHE;;;;;;;;;;;;CALPE;;;;
FALSO;CALDAS-VIGO;;;;;;;;;;;;CALVI;;;;
FALSO;CAMBADOS;;;;;;;;;;;;CAMBA;;;;
FALSO;CAMU•AS;;;;;;;;;;;;CAMU•;;;;
FALSO;CANCIENES;;;;;;;;;;;;CANCI;;;;
FALSO;CANGAS;;;;;;;;;;;;CANGA;;;;
FALSO;CANOVELLES;;;;;;;;;;;;CANOV;;;;
FALSO;CANTABRIA;;;;;;;;;;;;CANTA;;;;
FALSO;CAPARROSO;;;;;;;;;;;;CAPAR;;;;
FALSO;CARBALLO;;;;;;;;;;;;CARBA;;;;
FALSO;CARREGADO;;;;;;;;;;;;CARRE;;;;
FALSO;CARREGADO/BENAVENTE;;;;;;;;;;;;CARBE;;;;
FALSO;CARTAGENA;;;;;;;;;;;;CARTA;;;;
FALSO;CARVALHOS;;;;;;;;;;;;CARVA;;;;
FALSO;CASARRUBIOS;;;;;;;;;;;;CASAR;;;;
FALSO;CASTANHEIRA RIBATEJO(PT);;;;;;;;;;;;CASTA;;;;
FALSO;CASTELLBISBAL;;;;;;;;;;;;BISBA;;;;
FALSO;CASTELLON;CS;CASTELL‡N;;;;;E;;;;;CS;;;;
FALSO;CASTELLON;;;;;;;;;;;;CASTE;;;;
FALSO;CASTELO BRANCO;;;;;;;;;;;;CAST;;;;
FALSO;CASTRILLON;;;;;;;;;;;;CAS;;;;
FALSO;CASTRO DAIRE(PT);;;;;;;;;;;;9722;;;;
FALSO;CASTRO URDIALES;;;;;;;;;;;;CASTR;;;;
FALSO;CATENVA, S.L.;;;;;;;;;;;;CATEN;;;;
FALSO;CELUL.ASTURIAS,S.A.;;;;;;;;;;;;CELUL;;;;
FALSO;CERANO(IT);;;;;;;;;;;;CERAN;;;;
FALSO;CERCEDA;;;;;;;;;;;;CERCE;;;;
FALSO;CERVERA;;;;;;;;;;;;CERVE;;;;
FALSO;CESURES;;;;;;;;;;;;CESUR;;;;
FALSO;CHALANDRAY;;;;;;;;;;;;CHALA;;;;
FALSO;CHAVES (PT);;;;;;;;;;;;CHAV;;;;
FALSO;CHIETI(IT);;;;;;;;;;;;CHIE;;;;
FALSO;CHIVA;;;;;;;;;;;;CHIVA;;;;
FALSO;CIAL.ANDALUZA CONTRACHAP.SL;;;;;;;;;;;;ANDAL;;;;
FALSO;CIERVANA;;;;;;;;;;;;CIERB;;;;
FALSO;CIPADE;;;;;;;;;;;;CIPAD;;;;
FALSO;CIRON, S.A.;;;;;;;;;;;;CIRON;;;;
FALSO;CIUDAD REAL;CR;CIUDAD REAL;;;;;E;;;;;CR;;;;
FALSO;CIUDAD REAL;;;;;;;;;;;;CIUDA;;;;
FALSO;CLARIANT, S.A.;;;;;;;;;;;;CLARI;;;;
FALSO;CLEOPATRE;;;;;;;;;;;;CLEOP;;;;
FALSO;COGERSA;;;;;;;;;;;;COGER;;;;
FALSO;COIMBRA;;;;;;;;;;;;COIMB;;;;
FALSO;COLAS ARTIACH, SL;;;;;;;;;;;;ARTIA;;;;
FALSO;COLLE INDUSTR.L'OUEST;;;;;;;;;;;;COLLE;;;;
FALSO;COLUMBIAN CARBON SPAIN,SL;;;;;;;;;;;;COLUM;;;;
FALSO;COMERC.FREPANSA,SL;;;;;;;;;;;;FREPA;;;;
FALSO;COMERC.PREPANSA,SL;;;;;;;;;;;;PREPA;;;;
FALSO;COMERCIAL EPELE, SL.;;;;;;;;;;;;EPELE;;;;
FALSO;COMERCIAL GODO, S.L.;;;;;;;;;;;;GODO;;;;
FALSO;COMO(IT);;;;;;;;;;;;COMO;;;;
FALSO;CONDEIXA (PT);;;;;;;;;;;;CONDE;;;;
FALSO;CONSERVAS;;;;;;;;;;;;CONSE;;;;
FALSO;CONSTANCIA(PT);;;;;;;;;;;;CONST;;;;
FALSO;CONTRACHAP.LUBADI,SL;;;;;;;;;;;;LUBAD;;;;
FALSO;CONTRACHAPADOS INDUSTRIALES, S.L.;;;;;;;;;;;;CONTR;;;;
FALSO;CONTRACHAPADOS MORATI, S.L.;;;;;;;;;;;;MORAT;;;;
FALSO;COR QUIMICA, S.A.;;;;;;;;;;;;COR;;;;
FALSO;CORDOBA;CO;C‡RDOBA;;;;;E;;;;;CO;;;;
FALSO;CORISTANCO;;;;;;;;;;;;CORIS;;;;
FALSO;CORTEGAÄA(PT);;;;;;;;;;;;CORTE;;;;
FALSO;CORUCHE (PT);;;;;;;;;;;;CORU;;;;
FALSO;CORU•A;C;LA CORU•A;;;;;E;;;;;C;;;;
FALSO;COSTA IBERICA-MADEIRAS,SA;;;;;;;;;;;;COSTA;;;;
FALSO;COVERIGHT SURFACES, S.A.;;;;;;;;;;;;COVER;;;;
FALSO;COVERIGHT,SL;;;;;;;;;;;;COVE;;;;
FALSO;COVILHA (PT);;;;;;;;;;;;COVI;;;;
FALSO;CREMONA (IT);;;;;;;;;;;;9723;;;;
FALSO;CROMOGENIA UNITS, S.A.;;;;;;;;;;;;CROMO;;;;
FALSO;CRYSTAL PHARMA,SAU;;;;;;;;;;;;CRYST;;;;
FALSO;CUENCA;CU;CUENCA;;;;;E;;;;;CU;;;;
FALSO;CULLEREDO;;;;;;;;;;;;CULLE;;;;
FALSO;CUNTIS;;;;;;;;;;;;CUNTI;;;;
FALSO;CURIA SPAIN, SAU;;;;;;;;;;;;CURIA;;;;
FALSO;CURTIS;;;;;;;;;;;;CURTI;;;;
FALSO;DARBO, SAS;;;;;;;;;;;;DARBO;;;;
FALSO;DECOTEC PRINTING,SA;;;;;;;;;;;;DECOT;;;;
FALSO;DEKITRA, S.A.;;;;;;;;;;;;DEKIT;;;;
FALSO;DISALCO, S.L.;;;;;;;;;;;;DISAL;;;;
FALSO;DISCEFA;;;;;;;;;;;;DISCE;;;;
FALSO;DISOLV.REUNIDAS,SA;;;;;;;;;;;;DISOL;;;;
FALSO;DISSOLTIN;;;;;;;;;;;;DISSO;;;;
FALSO;DODRO;;;;;;;;;;;;DODRO;;;;
FALSO;DROGAFIEIRA, SL;;;;;;;;;;;;9706;;;;
FALSO;DROGAS CONDE, S.A.;;;;;;;;;;;;DROG;;;;
FALSO;DROGAS VIGO, S.L.;;;;;;;;;;;;DROGA;;;;
FALSO;DUE•AS;;;;;;;;;;;;DUE•A;;;;
FALSO;DUPONT INTER.SA;;;;;;;;;;;;DUPON;;;;
FALSO;DURANGO;;;;;;;;;;;;DURAN;;;;
FALSO;DUSSELDORF;;;;;;;;;;;;DUSSE;;;;
FALSO;ECIJA;;;;;;;;;;;;ECIJA;;;;
FALSO;ECOCARBURANTES ESPA•OLES, SA;;;;;;;;;;;;ECOCA;;;;
FALSO;ECUALIPTO DE PONTEVEDRA;;;;;;;;;;;;EUCAL;;;;
FALSO;EGEA CABALLEROS;;;;;;;;;;;;EGEA;;;;
FALSO;EGGER PANNEAUX;;;;;;;;;;;;EGGER;;;;
FALSO;ELORRIO;;;;;;;;;;;;ELORR;;;;
FALSO;ENAGAS TRANSPORTE,SAU;;;;;;;;;;;;ENAGA;;;;
FALSO;ENCE;;;;;;;;;;;;ENCE;;;;
FALSO;ENTABAN;;;;;;;;;;;;ENTAB;;;;
FALSO;ENVASES URE•A,SA;;;;;;;;;;;;URE•A;;;;
FALSO;ERANDIO;;;;;;;;;;;;ERAND;;;;
FALSO;ERMESINDE(PT);;;;;;;;;;;;ERMES;;;;
FALSO;ESMORIZ;;;;;;;;;;;;ESMOR;;;;
FALSO;ESPINHO;;;;;;;;;;;;ESPIN;;;;
FALSO;ESTARREJA;;;;;;;;;;;;ESTAR;;;;
FALSO;ESTREMOZ (PT);;;;;;;;;;;;ESTRE;;;;
FALSO;ETS RIGHINI,SA;;;;;;;;;;;;ETS;;;;
FALSO;ETXEBARRI;;;;;;;;;;;;ETXEB;;;;
FALSO;EUROPAC;;;;;;;;;;;;EUROP;;;;
FALSO;EVORA (PT);;;;;;;;;;;;EVORA;;;;
FALSO;FARO ALBUFEIRA;;;;;;;;;;;;9717;;;;
FALSO;FAURECIA SYSTEMS;;;;;;;;;;;;FAURE;;;;
FALSO;FAUS INT.FLOORING,SL;;;;;;;;;;;;FAUSI;;;;
FALSO;FERRARA(IT);;;;;;;;;;;;FERR;;;;
FALSO;FERREIRA ALENTEJO;;;;;;;;;;;;9716;;;;
FALSO;FERREIRA DE ALENTEJO;;;;;;;;;;;;ALENT;;;;
FALSO;FERREIRA DO ZEZERE;;;;;;;;;;;;FERRE;;;;
FALSO;FERROL;C;LA CORU•A;;;;;E;;;;;FE;;;;
FALSO;FIAES;;;;;;;;;;;;FIAES;;;;
FALSO;FIGUEIRA FOZ;;;;;;;;;;;;FIGUE;;;;
FALSO;FINSA;;;;;;;;;;;;FINSA;;;;
FALSO;FINSA FRANCE;;;;;;;;;;;;FINFR;;;;
FALSO;FINSA FRANCE SAS;FR;FRANCIA;;;;;;;;;;FINSF;;;;
FALSO;FLORENCE(IT);;;;;;;;;;;;FLOR;;;;
FALSO;FONMARTY;;;;;;;;;;;;FONMA;;;;
FALSO;FORESA FRANCE SAS;;;;;;;;;;;;FORES;;;;
FALSO;FOS-ROC, S.A.;;;;;;;;;;;;FOS;;;;
FALSO;FOSROC EUCO, S.A.;;;;;;;;;;;;FOSRO;;;;
FALSO;FRADELOS (PORT.);;;;;;;;;;;;FRADE;;;;
FALSO;FRANCIA;FR;FRANCIA;;;;;F;;;;;FR;;;;
FALSO;FROSINONE(IT);;;;;;;;;;;;FROSI;;;;
FALSO;FUENLABRADA;;;;;;;;;;;;FUENL;;;;
FALSO;GAFANHA DE NAZARET;;;;;;;;;;;;GAFAN;;;;
FALSO;GAJANO;;;;;;;;;;;;GAJAN;;;;
FALSO;GALDACANO;;;;;;;;;;;;CANO;;;;
FALSO;GALDAKAO;;;;;;;;;;;;GALDA;;;;
FALSO;GARNICA PLYWOOD;24;LE‡N;;;;;;;;;;GARNI;;;;
FALSO;GARNICA PLYWOOD;LE;LEON;;;;;;;;;;GARNL;;;;
FALSO;GARNICA PLYWOOD VAL.D.J;;;;;;;;;;;;GARN;;;;
FALSO;GASOLEO FRIGOS;;;;;;;;;;;;FRIGO;;;;
FALSO;GAVA;;;;;;;;;;;;GAVA;;;;
FALSO;GAZANHA DE NAZARET (PT);;;;;;;;;;;;GAZAN;;;;
FALSO;GENERAL QUIMICA,SA;;;;;;;;;;;;GENER;;;;
FALSO;GENOUILLAC;;;;;;;;;;;;GENOU;;;;
FALSO;GENTINA, S.A.;;;;;;;;;;;;GENTI;;;;
FALSO;GERMAN RDGUEZ.IND.SA;GU;GUADALAJARA;;;;;;;;;;GERMA;;;;
FALSO;GERONA;GE;GERONA;;;;;E;;;;;GE;;;;
FALSO;GETAFE;;;;;;;;;;;;GETAF;;;;
FALSO;GIJON;;;;;;;;;;;;GIJ;;;;
FALSO;GIJON;;;;;;;;;;;;GIJON;;;;
FALSO;GIJON/ANLEO;;;;;;;;;;;;GIJAN;;;;
FALSO;GIOVANNI BOZZETTO, S.A.;;;;;;;;;;;;GIOVA;;;;
FALSO;GIVORS;;;;;;;;;;;;GIVOR;;;;
FALSO;GKN INDUGASA, S.A.;;;;;;;;;;;;GKN;;;;
FALSO;GODELLETA;;;;;;;;;;;;GODEL;;;;
FALSO;GRANADA;GR;GRANADA;;;;;E;;;;;GR;;;;
FALSO;GRANOLLERS;;;;;;;;;;;;GRANO;;;;
FALSO;GREEN FUEL EXTREMADURA,SA;;;;;;;;;;;;GREEN;;;;
FALSO;GRUPO ZENTIA,SL;;;;;;;;;;;;ZENTI;;;;
FALSO;GUADALAJARA;GU;GUADALAJARA;;;;;E;;;;;GU;;;;
FALSO;GUADALAJARA;;;;;;;;;;;;GUADA;;;;
FALSO;GUALBA;;;;;;;;;;;;GUALB;;;;
FALSO;GUARDA (PT);;;;;;;;;;;;GUAR;;;;
FALSO;GUARDA (PT);;;;;;;;;;;;GUARD;;;;
FALSO;GUARNIZO;;;;;;;;;;;;GUARN;;;;
FALSO;GUEROLA,SA;;;;;;;;;;;;GUERO;;;;
FALSO;GUIMARAES;;;;;;;;;;;;GUIM;;;;
FALSO;GUIPUZCOA;;;;;;;;;;;;GUIPU;;;;
FALSO;GUISSONA;;;;;;;;;;;;GUISS;;;;
FALSO;HA ILARDUYA,SL;;;;;;;;;;;;ILARD;;;;
FALSO;HARINAS ALMELA,SC;;;;;;;;;;;;HARIN;;;;
FALSO;HELDER ROB.MOREIRA;;;;;;;;;;;;HELDE;;;;
FALSO;HERNANI;;;;;;;;;;;;HERN;;;;
FALSO;HERNANI,ARRIONDAS,SALAS;;;;;;;;;;;;HERNA;;;;
FALSO;HEXION SPECIALITY;VI;VITORIA;;;;;;;;;;HEX;;;;
FALSO;HEXION SPECIALITY;;;;;;;;;;;;HEXIH;;;;
FALSO;HEXION SPECIALITY, S.A.;;;;;;;;;;;;HEXIO;;;;
FALSO;HIJOS GASPAR ROSA, SL;;;;;;;;;;;;HIJOS;;;;
FALSO;HOVIONE, S.A.;;;;;;;;;;;;HOVIO;;;;
FALSO;HUELVA;H;HUELVA;;;;;E;;;;;H;;;;
FALSO;HUESCA;HU;HUESCA;;;;;E;;;;;HU;;;;
FALSO;HUTTENES A.ILARDUYA,SL;;;;;;;;;;;;HUTTE;;;;
FALSO;IBERDROLA, S.A.;;;;;;;;;;;;IBERD;;;;
FALSO;IBERIA ASHLAND, S.A.;;;;;;;;;;;;IBERI;;;;
FALSO;IBL SPA;;;;;;;;;;;;IBL;;;;
FALSO;IGORRE;;;;;;;;;;;;IGORR;;;;
FALSO;IGUALADA;;;;;;;;;;;;IGUAL;;;;
FALSO;ILLA DE AROUSA;;;;;;;;;;;;ILLA;;;;
FALSO;INAMA;;;;;;;;;;;;INAMA;;;;
FALSO;IND.AUXILIARES FAUS, SLU;V;VALENCIA;;;;;;;;;;FAUS;;;;
FALSO;IND.ENV.CONTRACHAP.SA;;;;;;;;;;;;ENVAS;;;;
FALSO;IND.ENVAS.CONTRACHAP.SA;;;;;;;;;;;;GERON;;;;
FALSO;IND.PEREZ MONTOSA,SA;;;;;;;;;;;;MONTO;;;;
FALSO;IND.QUIM.CUADRADO,SA;;;;;;;;;;;;INDCU;;;;
FALSO;IND.QUIM.RIO BLANCO,SL;;;;;;;;;;;;RIO B;;;;
FALSO;IND.TABLERO DE VALGA,SA;;;;;;;;;;;;INVAL;;;;
FALSO;IND.TABLERO VALGA, SA;;;;;;;;;;;;INDVA;;;;
FALSO;INDUSTR.PLAST.QUIMICO,SA;;;;;;;;;;;;INDUS;;;;
FALSO;INDUSTRIAL FERSEB,SL;;;;;;;;;;;;FERSE;;;;
FALSO;INDUSTRIAS JOMAR;;;;;;;;;;;;JOMAR;;;;
FALSO;INDUSTRIAS LOSAN;;;;;;;;;;;;LOSAN;;;;
FALSO;INDUSTRIAS MONZON, SL;;;;;;;;;;;;MONZO;;;;
FALSO;INDUSTRIAS PROA;;;;;;;;;;;;PROA;;;;
FALSO;INFOYMA, S.L.;;;;;;;;;;;;INFOY;;;;
FALSO;INIC.BIONERGET.SL;;;;;;;;;;;;INICI;;;;
FALSO;INNOSPEC SPAIN, S.L.;;;;;;;;;;;;INNOS;;;;
FALSO;INNSBRUCK;;;;;;;;;;;;INNSB;;;;
FALSO;INSOCO, S.L.;;;;;;;;;;;;INSOC;;;;
FALSO;INTASA;;;;;;;;;;;;INTAS;;;;
FALSO;INTERBOIS;;;;;;;;;;;;BOIS;;;;
FALSO;INTERBON;;;;;;;;;;;;INTER;;;;
FALSO;INTERPANEL, S.A.;;;;;;;;;;;;PANEL;;;;
FALSO;IP DECOR SPAIN, SAU;;;;;;;;;;;;IP;;;;
FALSO;IREGUA CHAPAS Y TABL.SA;;;;;;;;;;;;IREGU;;;;
FALSO;IRUN;;;;;;;;;;;;IRUN;;;;
FALSO;IRURENA;;;;;;;;;;;;IRURE;;;;
FALSO;ISOROY;;;;;;;;;;;;ISORO;;;;
FALSO;ITALIA;;;;;;;ITA;;;;;IT;;;;
FALSO;IURRETA;;;;;;;;;;;;IURRE;;;;
FALSO;IZURTZA;;;;;;;;;;;;IZURT;;;;
FALSO;J.GARCIA CARRION;;;;;;;;;;;;CARRI;;;;
FALSO;JABER, S.A.;;;;;;;;;;;;JABER;;;;
FALSO;JAEN;J;JAEN;;;;;E;;;;;J;;;;
FALSO;JARRIE (FR);;;;;;;;;;;;JARRI;;;;
FALSO;JEAN THEBAULT;;;;;;;;;;;;THEBA;;;;
FALSO;JOHN DEERE IBERICA,SA;;;;;;;;;;;;9709;;;;
FALSO;JOUBERT LES ELIOTS;;;;;;;;;;;;JOUBE;;;;
FALSO;JP&SB CONVERTING;;;;;;;;;;;;JP;;;;
FALSO;KALLO;;;;;;;;;;;;KALLO;;;;
FALSO;KELSIA;;;;;;;;;;;;KELSI;;;;
FALSO;KRONOSPAN, S.L.;;;;;;;;;;;;KRONO;;;;
FALSO;LA CANONJA;;;;;;;;;;;;CANON;;;;
FALSO;LA CA•IZA;;;;;;;;;;;;CA•IZ;;;;
FALSO;LA RIOJA;;;;;;;;;;;;RIOJA;;;;
FALSO;LA TOJA;;;;;;;;;;;;TOJA;;;;
FALSO;LA ZAIDA;;;;;;;;;;;;ZAIDA;;;;
FALSO;LACROIX EMBALLAGES;;;;;;;;;;;;LACRO;;;;
FALSO;LAINATE(IT);;;;;;;;;;;;LAINA;;;;
FALSO;LALIN;;;;;;;;;;;;LALIN;;;;
FALSO;LAMANOR, S.L.;;;;;;;;;;;;LAMAN;;;;
FALSO;LAMEGO (PT);;;;;;;;;;;;LAME;;;;
FALSO;LANA;;;;;;;;;;;;LANA;;;;
FALSO;LANDIN (PT);;;;;;;;;;;;LANDI;;;;
FALSO;LANGREO;;;;;;;;;;;;LANGR;;;;
FALSO;LANTARON;;;;;;;;;;;;LANTA;;;;
FALSO;LANTEMIL (PT);;;;;;;;;;;;LANTE;;;;
FALSO;LAVERA;;;;;;;;;;;;LAVER;;;;
FALSO;LAVRADIO (PT);;;;;;;;;;;;LAVRA;;;;
FALSO;LEGUTIANO;;;;;;;;;;;;LEGUT;;;;
FALSO;LEIOA;;;;;;;;;;;;LEIOA;;;;
FALSO;LEIRIA (PT);;;;;;;;;;;;LEIRI;;;;
FALSO;LEKUMBERRI;;;;;;;;;;;;LEKUM;;;;
FALSO;LEON;LE;LEON;;;;;E;;;;;LE;;;;
FALSO;LEON/VALLADOLID;;;;;;;;;;;;LEVAL;;;;
FALSO;LERIDA;L;LêRIDA;;;;;E;;;;;L;;;;
FALSO;LESAKA;;;;;;;;;;;;LESAK;;;;
FALSO;LEZO;;;;;;;;;;;;LEZO;;;;
FALSO;LICEMA,SA;;;;;;;;;;;;LICEM;;;;
FALSO;LINARES;;;;;;;;;;;;LINAR;;;;
FALSO;LINXE;;;;;;;;;;;;LINXE;;;;
FALSO;LISBOA;;;;;;;;;;;;LISBO;;;;
FALSO;LIVORNO(IT);;;;;;;;;;;;LIVO;;;;
FALSO;LLANERA;;;;;;;;;;;;LLANE;;;;
FALSO;LLEIDA;;;;;;;;;;;;LLEID;;;;
FALSO;LLIRIA;;;;;;;;;;;;LLIRI;;;;
FALSO;LLODIO;;;;;;;;;;;;LLODI;;;;
FALSO;LOGRO•O;LO;LOGRO•O;;;;;E;;;;;LO;;;;
FALSO;LORCOL;;;;;;;;;;;;LORCO;;;;
FALSO;LOULAY;;;;;;;;;;;;LOULA;;;;
FALSO;LOURES;;;;;;;;;;;;LOURE;;;;
FALSO;LOUSA (PT);;;;;;;;;;;;LOUS;;;;
FALSO;LOUSADA;;;;;;;;;;;;LOUSA;;;;
FALSO;LUGO;LU;LUGO;;;;;E;;;;;LU;;;;
FALSO;LUGONES;;;;;;;;;;;;LUGON;;;;
FALSO;LUSO FINSA;;;;;;;;;;;;LUSO;;;;
FALSO;LUTXANA;;;;;;;;;;;;LUTXA;;;;
FALSO;LYON;;;;;;;F;;;;;LYON;;;;
FALSO;MACEIRA-LIZ;;;;;;;;;;;;MACEI;;;;
FALSO;MAD.Y TABL.DEL OJA, SA;;;;;;;;;;;;OJA;;;;
FALSO;MADERAS BENIGANIM, SAL;;;;;;;;;;;;BENIG;;;;
FALSO;MADERAS DE LLODIO,SA;;;;;;;;;;;;LLOD;;;;
FALSO;MADERAS IGLESIAS, S.A.;;;;;;;;;;;;MADER;;;;
FALSO;MADRID;M;MADRID;;;;;E;;;;;M;;;;
FALSO;MADRID-ALMARAZ;;;;;;;;;;;;ALMAR;;;;
FALSO;MAGNE (FR);;;;;;;;;;;;MAGNE;;;;
FALSO;MAIA;;;;;;;;;;;;MAIA;;;;
FALSO;MAJADAHONDA;;;;;;;;;;;;MAJA;;;;
FALSO;MALAGA;MA;MALAGA;;;;;E;;;;;MA;;;;
FALSO;MALIA•O;;;;;;;;;;;;MALIA;;;;
FALSO;MALVAUX INDUSTRIES;;;;;;;;;;;;MALVA;;;;
FALSO;MALVEIRA;;;;;;;;;;;;MALVE;;;;
FALSO;MANGUALDE (PT);;;;;;;;;;;;9730;;;;
FALSO;MANGUALDE(PT);;;;;;;;;;;;MANGU;;;;
FALSO;MANLLEU;;;;;;;;;;;;MANLL;;;;
FALSO;MANRESA;;;;;;;;;;;;MANRE;;;;
FALSO;MANTUA(IT);;;;;;;;;;;;MANT;;;;
FALSO;MARCILLA;;;;;;;;;;;;MARCI;;;;
FALSO;MARIN;;;;;;;;;;;;MARIN;;;;
FALSO;MARINHA GRANDE;;;;;;;;;;;;MARI;;;;
FALSO;MARRUECOS;;;;;;;;;;;;MARRU;;;;
FALSO;MARSELLA;;;;;;;;;;;;MARSE;;;;
FALSO;MARTORELL;;;;;;;;;;;;MARTO;;;;
FALSO;MASDENVERGE;;;;;;;;;;;;MASDE;;;;
FALSO;MATARO;;;;;;;;;;;;MATAR;;;;
FALSO;MATOSINHOS (PT);;;;;;;;;;;;MATOS;;;;
FALSO;MATRIC. PO 9704 BJ;;;;;;;;;;;;9704;;;;
FALSO;MATRIC. PO1438BB;;;;;;;;;;;;1438;;;;
FALSO;MATRIC. PO4034AY;;;;;;;;;;;;MATR;;;;
FALSO;MATRIC. PO4034AY;;;;;;;;;;;;4034;;;;
FALSO;MATRIC. PO4150AC;;;;;;;;;;;;4150;;;;
FALSO;MATRIC. PO5054AY;;;;;;;;;;;;5054;;;;
FALSO;MATRIC. PO5856AN;;;;;;;;;;;;5856;;;;
FALSO;MATRIC.PO4157BF;;;;;;;;;;;;4157;;;;
FALSO;MEDILAND SAS;;;;;;;;;;;;MEDIL;;;;
FALSO;MEDINA DEL CAMPO;;;;;;;;;;;;MEDIN;;;;
FALSO;MEIS;;;;;;;;;;;;MEIS;;;;
FALSO;MEJORADA;;;;;;;;;;;;MEJOR;;;;
FALSO;MELIDE;;;;;;;;;;;;MELID;;;;
FALSO;MEM MARTINS (PT);;;;;;;;;;;;MEMMA;;;;
FALSO;MENDARO;;;;;;;;;;;;MENDA;;;;
FALSO;MENDAVIA;;;;;;;;;;;;MEND;;;;
FALSO;MENGUIBAR;;;;;;;;;;;;MENGU;;;;
FALSO;MERIDA;;;;;;;;;;;;MERID;;;;
FALSO;MIERES;;;;;;;;;;;;MIERE;;;;
FALSO;MINDELO;;;;;;;;;;;;MIND;;;;
FALSO;MIRANDA DE EBRO;;;;;;;;;;;;MIR;;;;
FALSO;MIRANDELA (PT);;;;;;;;;;;;MIRAN;;;;
FALSO;MODENA(IT);;;;;;;;;;;;MODE;;;;
FALSO;MODIVAS;;;;;;;;;;;;MODIV;;;;
FALSO;MOGADOURO;;;;;;;;;;;;MOGAD;;;;
FALSO;MOLLERUSA;;;;;;;;;;;;MOLLE;;;;
FALSO;MOMENTIVE SPECIALITY;;;;;;;;;;;;MOMEN;;;;
FALSO;MONFORTE LEMOS;;;;;;;;;;;;MOFOR;;;;
FALSO;MONSARAZ (PT);;;;;;;;;;;;MONSA;;;;
FALSO;MONTESALGUEIRO;;;;;;;;;;;;MONTE;;;;
FALSO;MONZON (HUESCA);;;;;;;;;;;;9727;;;;
FALSO;MORA (PORTUGAL);;;;;;;;;;;;MORA;;;;
FALSO;MORA•A;;;;;;;;;;;;MORA•;;;;
FALSO;MORCENX;;;;;;;;;;;;MORCE;;;;
FALSO;MOS;;;;;;;;;;;;MOS;;;;
FALSO;MOSTOLES;;;;;;;;;;;;MOSTO;;;;
FALSO;MUGARDOS;;;;;;;;;;;;MUGAR;;;;
FALSO;MUGICA;;;;;;;;;;;;MUGIC;;;;
FALSO;MURCIA;MU;MURCIA;;;;;E;;;;;MU;;;;
FALSO;MUSKIZ;;;;;;;;;;;;MUSKI;;;;
FALSO;MUXIA;;;;;;;;;;;;MUXIA;;;;
FALSO;NAJERA;;;;;;;;;;;;NAJER;;;;
FALSO;NALCO ESPA•OLA,SLU;;;;;;;;;;;;NALCO;;;;
FALSO;NARON;;;;;;;;;;;;NARON;;;;
FALSO;NAVARRA;;;;;;;;;;;;NAVAR;;;;
FALSO;NAVIA;;;;;;;;;;;;NAVIA;;;;
FALSO;NAVIA-SEVARES;;;;;;;;;;;;NAVSE;;;;
FALSO;NEFAB PONTEV. SL;;;;;;;;;;;;NEFAB;;;;
FALSO;NEGREIRA;;;;;;;;;;;;NEGRE;;;;
FALSO;NELAS;;;;;;;;;;;;NE;;;;
FALSO;NELAS;;;;;;;;;;;;NELAS;;;;
FALSO;NEW QUIMICA;;;;;;;;;;;;NEW;;;;
FALSO;NOBLEJAS;;;;;;;;;;;;NOBLE;;;;
FALSO;NOIA;;;;;;;;;;;;NOIA;;;;
FALSO;NOPCO PAPER;;;;;;;;;;;;NOPCO;;;;
FALSO;NOVARA(IT);;;;;;;;;;;;NOVA;;;;
FALSO;O GROVE;;;;;;;;;;;;GROVE;;;;
FALSO;O PORTO;;;;;;;P;;;;;OPORT;;;;
FALSO;OCA•A;TO;TOLEDO;;;;;;;;;;OCA•A;;;;
FALSO;OLHAO (PT);;;;;;;;;;;;9719;;;;
FALSO;OLIVEIRA AZEMEIS;;;;;;;;;;;;OLIVE;;;;
FALSO;OLIVEIRA FRADES(PT);;;;;;;;;;;;FRAD;;;;
FALSO;OLIVEIRA HOSPITAL;;;;;;;;;;;;OLIV;;;;
FALSO;OLLONIEGO;;;;;;;;;;;;OLLON;;;;
FALSO;OLMEDO;;;;;;;;;;;;OLMED;;;;
FALSO;OLVEGA;;;;;;;;;;;;OLVEG;;;;
FALSO;ONDARROA;;;;;;;;;;;;ONDAR;;;;
FALSO;ONTE, S.A.;;;;;;;;;;;;ONTE;;;;
FALSO;ONTIGOLA;;;;;;;;;;;;ONTIG;;;;
FALSO;ONZONILLA;;;;;;;;;;;;ONZON;;;;
FALSO;OR.LEON,ZAM.TORD.BARC.;;;;;;;;;;;;1003;;;;
FALSO;OR.PONF.LEON,TORD.PAMPL;;;;;;;;;;;;1002;;;;
FALSO;OR.TORD.SSEB.PAMP.BILBAO;;;;;;;;;;;;1000;;;;
FALSO;ORANGE;;;;;;;;;;;;ORANG;;;;
FALSO;OREMBER;OR;ORENSE;;;;;;;;;;OR;;;;
FALSO;ORENSE;OR;ORENSE;;;;;;;;;;ORE;;;;
FALSO;ORIO;;;;;;;;;;;;ORIO;;;;
FALSO;OROZKO;;;;;;;;;;;;OROZK;;;;
FALSO;OVAR;;;;;;;;;;;;OVAR;;;;
FALSO;OVIEDO;O;OVIEDO;;;;;E;;;;;O;;;;
FALSO;OYON;LO;LOGRO•O;;;;;;;;;;OYON;;;;
FALSO;PADRON;;;;;;;;;;;;PADRO;;;;
FALSO;PAIO PIRES (PT);;;;;;;;;;;;PAIO;;;;
FALSO;PALENCIA;P;PALENCIA;;;;;E;;;;;P;;;;
FALSO;PAMPLONA;PA;PAMPLONA;;;;;E;;;;;PA;;;;
FALSO;PANGUANETA,SPA;;;;;;;;;;;;PANGU;;;;
FALSO;PANIBERICA DE LEVADURA,SA;VA;VALLADOLID;;;;;;;;;;PANIB;;;;
FALSO;PANNEAUX CORREZE;;;;;;;;;;;;CORRE;;;;
FALSO;PAPELERA ZICU•AGA,SA;;;;;;;;;;;;PAPEL;;;;
FALSO;PAREDES (PT);;;;;;;;;;;;PARED;;;;
FALSO;PATERNA;;;;;;;;;;;;PATER;;;;
FALSO;PAVIA (IT);;;;;;;;;;;;9724;;;;
FALSO;PEGAM.CABALLERO;;;;;;;;;;;;PEGAM;;;;
FALSO;PENAGOS;;;;;;;;;;;;PENAG;;;;
FALSO;PEREIRO DE AGUIAR;;;;;;;;;;;;PEREI;;;;
FALSO;PEREZ CHARRO RUBEN;;;;;;;;;;;;PEREZ;;;;
FALSO;PICASSENT;;;;;;;;;;;;PICAS;;;;
FALSO;PIERA;;;;;;;;;;;;PIERA;;;;
FALSO;PIEVE FISSIRAGA(IT);;;;;;;;;;;;PIEVE;;;;
FALSO;PINA, S.A.;;;;;;;;;;;;PINAS;;;;
FALSO;PINHEL (PT);;;;;;;;;;;;PINH;;;;
FALSO;PINTO;;;;;;;;;;;;PINTO;;;;
FALSO;POBRA DO CARAMI•AL;;;;;;;;;;;;POBRA;;;;
FALSO;POL.IND. A LAXE;;;;;;;;;;;;LAXE;;;;
FALSO;POL.IND.POUSADOIRO;;;;;;;;;;;;POUSA;;;;
FALSO;POLANCO;;;;;;;;;;;;POLAN;;;;
FALSO;POLINYA;;;;;;;;;;;;POLIN;;;;
FALSO;POLYREY;;;;;;;;;;;;POLYR;;;;
FALSO;POMBAL (PT);;;;;;;;;;;;POMB;;;;
FALSO;PONFERRADA;;;;;;;;;;;;PONFE;;;;
FALSO;PONTEARNELAS;;;;;;;;;;;;ARNEL;;;;
FALSO;PONTECESURES;;;;;;;;;;;;PONTC;;;;
FALSO;PONTEDESOR (PT);;;;;;;;;;;;9711;;;;
FALSO;PONTEDEUME;;;;;;;;;;;;PONT;;;;
FALSO;PONTEVEDRA;PO;PONTEVEDRA;;;;;E;;;;;PO;;;;
FALSO;PORRI•O;;;;;;;;;;;;PORRI;;;;
FALSO;PORRI•O-OPORTO;;;;;;;;;;;;VARIO;;;;
FALSO;PORTALEGRE;;;;;;;;;;;;PORT;;;;
FALSO;PORTAS;;;;;;;;;;;;PORTA;;;;
FALSO;PORTIMAO (PT);;;;;;;;;;;;9718;;;;
FALSO;PORTUGAL;;;;;;;;;;;;PORTU;;;;
FALSO;PREFABRIC.ASTURIANOS,SA;;;;;;;;;;;;PREFA;;;;
FALSO;PROD.QUIMICOS YELES,SL;TO;TOLEDO;;;;;;;;;;YELES;;;;
FALSO;PROQUIMAN;;;;;;;;;;;;PROQU;;;;
FALSO;PUERTOLLANO;;;;;;;;;;;;PUERT;;;;
FALSO;PURIPLAST IBERICA,SA;;;;;;;;;;;;PURIP;;;;
FALSO;QS ADHESIVES, S.L.;;;;;;;;;;;;ADHES;;;;
FALSO;QUER;;;;;;;;;;;;QUER;;;;
FALSO;QUIDE, S.A.;;;;;;;;;;;;QUIDE;;;;
FALSO;QUIM.IND.DE SERVICIOS,SA;;;;;;;;;;;;9708;;;;
FALSO;QUIM.SINTETICA,SA;;;;;;;;;;;;QUIMI;;;;
FALSO;QUIMICA IND.SERVIC.,SA;;;;;;;;;;;;QUIM;;;;
FALSO;QUIMICA MER, S.L.;;;;;;;;;;;;MER;;;;
FALSO;QUIMICAS SANZ, S.L.;;;;;;;;;;;;SANZ;;;;
FALSO;QUIMIPUR, SLU;;;;;;;;;;;;PUR;;;;
FALSO;QUINCOCES YUSO;;;;;;;;;;;;QUINC;;;;
FALSO;QUINTANAR DEL REY;;;;;;;;;;;;QUINT;;;;
FALSO;RABADE;;;;;;;;;;;;RABAD;;;;
FALSO;RATES POVOA BARZIM;;;;;;;;;;;;RATES;;;;
FALSO;RECASA (TOLEDO);;;;;;;;;;;;9726;;;;
FALSO;RECHAPADOS DEL NORTE, SA;;;;;;;;;;;;RECHA;;;;
FALSO;RECHAPADOS E INAMA;;;;;;;;;;;;RECIN;;;;
FALSO;RECYOIL,SL;;;;;;;;;;;;RECYO;;;;
FALSO;REDONDELA;;;;;;;;;;;;REDON;;;;
FALSO;REGGIO EMILIA(IT);;;;;;;;;;;;REGG;;;;
FALSO;REINOSA;;;;;;;;;;;;REIN;;;;
FALSO;REKAR IBERICA, S.A.;;;;;;;;;;;;REKAR;;;;
FALSO;RENTERIA;;;;;;;;;;;;RENT;;;;
FALSO;RENTERIA;;;;;;;;;;;;RENTE;;;;
FALSO;REPARTOS;;;;;;;;;;;;REPAR;;;;
FALSO;REUS;;;;;;;;;;;;REUS;;;;
FALSO;RIACHOS;;;;;;;;;;;;RIACH;;;;
FALSO;RIA•O;;;;;;;;;;;;RIA•O;;;;
FALSO;RIBADEO;;;;;;;;;;;;RIBAD;;;;
FALSO;RIBADUMIA;;;;;;;;;;;;RIB;;;;
FALSO;RIBARROJA;;;;;;;;;;;;RIBA;;;;
FALSO;RIBARROJA;;;;;;;;;;;;RIBAR;;;;
FALSO;RIBEIRA;;;;;;;;;;;;RIBEI;;;;
FALSO;RIO DE MOURO(PT);;;;;;;;;;;;RIO;;;;
FALSO;RIO MEAO;;;;;;;;;;;;MEAO;;;;
FALSO;RION DES LANDES;;;;;;;;;;;;RION;;;;
FALSO;ROCHEFORT;;;;;;;;;;;;ROCHE;;;;
FALSO;ROCKWOOL FRANCE, SAS;;;;;;;;;;;;ROCKW;;;;
FALSO;ROTTNEROS MIRANDA,SA;;;;;;;;;;;;ROTNE;;;;
FALSO;ROUEN (FR.);;;;;;;;;;;;ROUEN;;;;
FALSO;RUBI;;;;;;;;;;;;RUBI;;;;
FALSO;S.FRUITOS VALLES;;;;;;;;;;;;SFRUI;;;;
FALSO;S.JOAO MADEIRA;;;;;;;;;;;;JOAO;;;;
FALSO;SABADELL;;;;;;;;;;;;SABAD;;;;
FALSO;SABI•ANIGO;;;;;;;;;;;;SABI•;;;;
FALSO;SABUGAL;;;;;;;;;;;;SABUG;;;;
FALSO;SAINT GOBAIN CRIST.;;;;;;;;;;;;CRIST;;;;
FALSO;SAINT GOBAIN EUROCOUSTIC;;;;;;;;;;;;GOBAI;;;;
FALSO;SALAMANCA;SA;SALAMANCA;;;;;E;;;;;SA;;;;
FALSO;SALAS;;;;;;;;;;;;SALAS;;;;
FALSO;SALAS/ANLEO;;;;;;;;;;;;SALAN;;;;
FALSO;SALAS/GIJON;;;;;;;;;;;;SALGI;;;;
FALSO;SALAS/SEVARES;;;;;;;;;;;;SALSE;;;;
FALSO;SALCEDO;;;;;;;;;;;;SALC;;;;
FALSO;SALVATIERRA;;;;;;;;;;;;SALVA;;;;
FALSO;SAMORACORREIA(PT);;;;;;;;;;;;SAMOR;;;;
FALSO;SAN MAMEDE INFESTA;;;;;;;;;;;;MAMED;;;;
FALSO;SAN SATURNINO;;;;;;;;;;;;SATUR;;;;
FALSO;SAN SEBASTIAN;SS;SAN SEBAST.;;;;;E;;;;;SS;;;;
FALSO;SANFINS (PT);;;;;;;;;;;;SANFI;;;;
FALSO;SANTANDER;S;SANTANDER;;;;;E;;;;;S;;;;
FALSO;SANTAREM;;;;;;;;;;;;SANTA;;;;
FALSO;SANTIAGO;C;LA CORU•A;;;;;E;;;;;SANTI;;;;
FALSO;SANTIAGO Y TEVAR, SA;;;;;;;;;;;;SANTE;;;;
FALSO;SANTO TIRSO;;;;;;;;;;;;SANTO;;;;
FALSO;SANTURCE;;;;;;;;;;;;SANTU;;;;
FALSO;SARIEGO;;;;;;;;;;;;SARIE;;;;
FALSO;SARRIMAD, S.L.;;;;;;;;;;;;SARRI;;;;
FALSO;SAS JOURBERT DANGELY;;;;;;;;;;;;DANGE;;;;
FALSO;SAVELO, S.L.;;;;;;;;;;;;SAVEL;;;;
FALSO;SEGOVIA;SG;SEGOVIA;;;;;E;;;;;SG;;;;
FALSO;SEGOVIA;;;;;;;;;;;;SEGOV;;;;
FALSO;SEIXAL(PT);;;;;;;;;;;;SEIXA;;;;
FALSO;SEIXO DE MIRA(PT);;;;;;;;;;;;SEIXO;;;;
FALSO;SELENA IBERIA, SLU;;;;;;;;;;;;SELEN;;;;
FALSO;SENYERA;;;;;;;;;;;;SENYE;;;;
FALSO;SERIPANNEAUX;;;;;;;;;;;;SERIP;;;;
FALSO;SERRERIGAS IREGUA, S.A.;;;;;;;;;;;;SERRE;;;;
FALSO;SERTA (PT);;;;;;;;;;;;SERT;;;;
FALSO;SERVYECO IBERIA,SL;;;;;;;;;;;;SERVY;;;;
FALSO;SERZEDELO(PT);;;;;;;;;;;;SERZE;;;;
FALSO;SESE•A;;;;;;;;;;;;SESE;;;;
FALSO;SESTAO;;;;;;;;;;;;SESTA;;;;
FALSO;SETE (FRANCIA);;;;;;;;;;;;SETE;;;;
FALSO;SETUBAL;;;;;;;;;;;;SETUB;;;;
FALSO;SETUBAL/BENAVENTE;;;;;;;;;;;;SETBE;;;;
FALSO;SEVARES;;;;;;;;;;;;SEVAR;;;;
FALSO;SEVILLA;SE;SEVILLA;;;;;E;;;;;SE;;;;
FALSO;SIERO;;;;;;;;;;;;SIERO;;;;
FALSO;SIGUEIRO;;;;;;;;;;;;SIGUE;;;;
FALSO;SIKA, S.A.;;;;;;;;;;;;SIKA;;;;
FALSO;SILLA;;;;;;;;;;;;SILLA;;;;
FALSO;SILLEDA;;;;;;;;;;;;SILLE;;;;
FALSO;SINDE (PT);;;;;;;;;;;;SINDE;;;;
FALSO;SINES;;;;;;;;;;;;SINES;;;;
FALSO;SM FRANCE;;;;;;;;;;;;SM FR;;;;
FALSO;SNIACE, SA;;;;;;;;;;;;SNIAC;;;;
FALSO;SOBRALINHO(PT);;;;;;;;;;;;SOBRA;;;;
FALSO;SOLOGAS (AS SOMOZAS);;;;;;;;;;;;9725;;;;
FALSO;SOLSONA;;;;;;;;;;;;SOLSO;;;;
FALSO;SONAE ARAUCO, SL;;;;;;;;;;;;SONAE;;;;
FALSO;SONDIKA;;;;;;;;;;;;SONDI;;;;
FALSO;SORIA;SO;SORIA;;;;;E;;;;;SO;;;;
FALSO;SOUILLAC(FR);;;;;;;;;;;;SOUIL;;;;
FALSO;SOUSELAS (PT);;;;;;;;;;;;SOUSE;;;;
FALSO;ST.PAUL (FR);;;;;;;;;;;;PAUL;;;;
FALSO;STA.IRIA AZOIA(PT);;;;;;;;;;;;IRIA;;;;
FALSO;SUM.IND.MARTI,SA;;;;;;;;;;;;MARTI;;;;
FALSO;SUMITOMO BAKELITE,SLU;;;;;;;;;;;;SUMIT;;;;
FALSO;T.HISPANOS, SLU.;;;;;;;;;;;;HISPA;;;;
FALSO;T.LEVANTE-MUGARTAL;;;;;;;;;;;;LEV;;;;
FALSO;T.VEDRAS;;;;;;;;;;;;T.VED;;;;
FALSO;TAB.GARFER/UTISA;;;;;;;;;;;;9707;;;;
FALSO;TABAZA;;;;;;;;;;;;TABAZ;;;;
FALSO;TABL.FIBRAS IBERICOS,SL;;;;;;;;;;;;TAFIB;;;;
FALSO;TABLEROS GARFER, S.A.;;;;;;;;;;;;GARFE;;;;
FALSO;TABLEROS LOSAN, S.A.;;;;;;;;;;;;TALOS;;;;
FALSO;TABLESTUY, S.L.;;;;;;;;;;;;TABLE;;;;
FALSO;TABOADA (LU);;;;;;;;;;;;TABOA;;;;
FALSO;TABUA (PT);;;;;;;;;;;;TABUA;;;;
FALSO;TACON DECOR, SL;;;;;;;;;;;;TACON;;;;
FALSO;TAFALLA;;;;;;;;;;;;TAFAL;;;;
FALSO;TAGUIVE, S.L.;;;;;;;;;;;;TAGUI;;;;
FALSO;TARANCON;;;;;;;;;;;;TARAN;;;;
FALSO;TARNOS (FR.);;;;;;;;;;;;TARNO;;;;
FALSO;TARRAGONA;T;TARRAGONA;;;;;E;;;;;T;;;;
FALSO;TARRASA;;;;;;;;;;;;TARRA;;;;
FALSO;TARTAS;;;;;;;;;;;;TART;;;;
FALSO;TAVIRA (PT);;;;;;;;;;;;9720;;;;
FALSO;TEIXEIRO;;;;;;;;;;;;TEIXE;;;;
FALSO;TEPSA;;;;;;;;;;;;TEPSA;;;;
FALSO;TERMOLAN, S.A.;;;PT;PORTUGAL;;;;;;;;TERMO;;;;
FALSO;TERMOLAN,SA(VILAR FORMOSO;;;;;;;;;;;;TERM;;;;
FALSO;TERUEL;TE;TERUEL;;;;;E;;;;;TE;;;;
FALSO;TOCHA;;;;;;;;;;;;TOCHA;;;;
FALSO;TOLEDO;TO;TOLEDO;;;;;E;;;;;TO;;;;
FALSO;TOLOSA;;;;;;;;;;;;TOLOS;;;;
FALSO;TOMAR (PT);;;;;;;;;;;;TOMAR;;;;
FALSO;TORDERA;;;;;;;;;;;;9731;;;;
FALSO;TORDES.ZARAGOZA,BARCEL.;;;;;;;;;;;;1004;;;;
FALSO;TORDESILLAS;;;;;;;;;;;;TORD;;;;
FALSO;TORELLO;;;;;;;;;;;;TOREL;;;;
FALSO;TORENO, S.L.;;;;;;;;;;;;TOREN;;;;
FALSO;TORO;;;;;;;;;;;;TORO;;;;
FALSO;TORRELAVEGA;;;;;;;;;;;;TOR;;;;
FALSO;TORRES NOVAS;;;;;;;;;;;;TORRE;;;;
FALSO;TORTOSA;;;;;;;;;;;;TORTO;;;;
FALSO;TRADEMA VALLADOLID;;;;;;;;;;;;TRADE;;;;
FALSO;TRANS.MAD.FARO,SL;;;;;;;;;;;;FARO;;;;
FALSO;TRANSF.MAD.FARO,SL;;;;;;;;;;;;9705;;;;
FALSO;TREVISO(IT);;;;;;;;;;;;TREV;;;;
FALSO;TRILLO;;;;;;;;;;;;TRILL;;;;
FALSO;TROFA (PT);;;;;;;;;;;;TROFA;;;;
FALSO;TUDELA;;;;;;;;;;;;TUDEL;;;;
FALSO;TUI;;;;;;;;;;;;TUI;;;;
FALSO;UNICOL, SRL;;;;;;;;;;;;UNICO;;;;
FALSO;UNION FENOSA, S.A.;;;;;;;;;;;;FENOS;;;;
FALSO;UNION FRANCAMAR, SL;;;;;;;;;;;;FRANC;;;;
FALSO;URE•A/J.MIGUEL;;;;;;;;;;;;UREMI;;;;
FALSO;URNIETA;;;;;;;;;;;;URNIE;;;;
FALSO;URSA IBERICA, S.A.;;;;;;;;;;;;URSA;;;;
FALSO;USINE DE LESGOR;;;;;;;;;;;;LESGR;;;;
FALSO;UTEBO;;;;;;;;;;;;UTEBO;;;;
FALSO;UTISA CHINCHILLA;;;;;;;;;;;;UTICH;;;;
FALSO;UTISA TERUEL;TE;TERUEL;;;;;;;;;;UTI;;;;
FALSO;UTISA VALENCIA;;;;;;;;;;;;UTISA;;;;
FALSO;UTISA-REKAR;;;;;;;;;;;;UTREC;;;;
FALSO;VALADARES(PT);;;;;;;;;;;;VALAD;;;;
FALSO;VALBOPAN, SA;;;;;;;;;;;;VALBO;;;;
FALSO;VALDEMORO;;;;;;;;;;;;VALD;;;;
FALSO;VALDEPE•AS;;;;;;;;;;;;VALDE;;;;
FALSO;VALDILECHA;;;;;;;;;;;;VALDI;;;;
FALSO;VALENCIA;V;VALENCIA;;;;;E;;;;;V;;;;
FALSO;VALENTIN HERRAN,SA;;;;;;;;;;;;VALEN;;;;
FALSO;VALGA;;;;;;;;;;;;VALGA;;;;
FALSO;VALLADOLID;VA;VALLADOLID;;;;;E;;;;;VA;;;;
FALSO;VALLADOLID-MADRID;;;;;;;;;;;;VALMA;;;;
FALSO;VALLADOLID/AVILA;;;;;;;;;;;;VALAV;;;;
FALSO;VALLADOLID/CORDOBA;;;;;;;;;;;;VACOR;;;;
FALSO;VALLMOLL;;;;;;;;;;;;VALLM;;;;
FALSO;VALTIERRA;NA;NAVARRA;;;;;;;;;;VALT;;;;
FALSO;VARESE(IT);;;;;;;;;;;;VARE;;;;
FALSO;VARIOS GALICIA;;;;;;;;;;;;9729;;;;
FALSO;VEJA (PT);;;;;;;;;;;;9715;;;;
FALSO;VENDAS NOVAS(PT);;;;;;;;;;;;VENDA;;;;
FALSO;VERA DE BIDASOA;;;;;;;;;;;;VERA;;;;
FALSO;VERIN;;;;;;;;;;;;VERIN;;;;
FALSO;VERONA(IT);;;;;;;;;;;;VERO;;;;
FALSO;VERVIT, SRL;;;;;;;;;;;;VERVI;;;;
FALSO;VIANA DO CASTELO;;;;;;;;;;;;VIANA;;;;
FALSO;VIC;;;;;;;;;;;;VIC;;;;
FALSO;VICOLOZANO;;;;;;;;;;;;VICOL;;;;
FALSO;VIDRERES;;;;;;;;;;;;VIDRE;;;;
FALSO;VIGO;PO;PONTEVEDRA;;;;;E;;;;;VIGO;;;;
FALSO;VIGO,SANTIAGO;;;;;;;;;;;;VIGSA;;;;
FALSO;VILA FRANCA DE XIRA;;;;;;;;;;;;VILAF;;;;
FALSO;VILA REAL;;;;;;;;;;;;VILA;;;;
FALSO;VILA REAL STO ANTONIO;;;;;;;;;;;;9721;;;;
FALSO;VILADECANS;;;;;;;;;;;;VILAD;;;;
FALSO;VILAGARCIA;;;;;;;;;;;;VILAG;;;;
FALSO;VILANOVA AROUSA;;;;;;;;;;;;VILAN;;;;
FALSO;VILANOVA CERVEIRA(PT);;;;;;;;;;;;CERV;;;;
FALSO;VILANOVA DA RAINHA;;;;;;;;;;;;9710;;;;
FALSO;VILANOVA DE SANTO;;;;;;;;;;;;9712;;;;
FALSO;VILANOVA FAMALICAO;;;;;;;;;;;;FAMAL;;;;
FALSO;VILANOVA GAIA;;;;;;;;;;;;GAIA;;;;
FALSO;VILARINHO(PT);;;;;;;;;;;;VILAR;;;;
FALSO;VILLABONA;;;;;;;;;;;;VILAB;;;;
FALSO;VILLABRAZARO;;;;;;;;;;;;VILLB;;;;
FALSO;VILLACA•AS;TO;TOLEDO;;;;;;;;;;VILLA;;;;
FALSO;VILLAGARCIA;PO;PONTEVEDRA;;;;;;;;;;2;;;;
FALSO;VILLALBA;;;;;;;;;;;;VIL;;;;
FALSO;VILLANUBLA;;;;;;;;;;;;NUBLA;;;;
FALSO;VILLAREJO;;;;;;;;;;;;VILL;;;;
FALSO;VILLATUERTA;;;;;;;;;;;;TUERT;;;;
FALSO;VILLAVICIOSA/SALAS;;;;;;;;;;;;VILSA;;;;
FALSO;VISEU;;;;;;;;;;;;VISEU;;;;
FALSO;VITORIA;VI;VITORIA;;;;;E;;;;;VI;;;;
FALSO;VIVEIRO;;;;;;;;;;;;VIVEI;;;;
FALSO;VIZCAYA;;;;;;;;;;;;VIZ;;;;
FALSO;VOLCALIS-ISOLAM.MINERAIS,SA;;;;;;;;;;;;VOCAL;;;;
FALSO;XILOFRANCE;;;;;;;;;;;;XILOF;;;;
FALSO;YFFINIAC (FR.);;;;;;;;;;;;YFFIN;;;;
FALSO;YUNCOS;TO;TOLEDO;;;;;;;;;;YUNCO;;;;
FALSO;ZAM.OR.TORD.SANT.PAMP;;;;;;;;;;;;1001;;;;
FALSO;ZAMORA;ZA;ZAMORA;;;;;;;;;;ZA;;;;
FALSO;ZAMORA-VALLADOLID;;;;;;;;;;;;ZAVAL;;;;
FALSO;ZAMUDIO;;;;;;;;;;;;ZAMUD;;;;
FALSO;ZARAGOZA;Z;ZARAGOZA;;;;;E;;;;;Z;;;;
FALSO;ZARAGOZA, BARCELONA;;;;;;;;;;;;ZARBA;;;;
FALSO;ZARAMILLO;;;;;;;;;;;;ZARAM;;;;
FALSO;ZARZALEJO;;;;;;;;;;;;ZARZA;;;;
FALSO;ZIERBANA;VI;VITORIA;;;;;;;;;;ZIERB;;;;
FALSO;ZNDS TABLEROS, S.L.;;;;;;;;;;;;ZNDS;;;;
FALSO;ZUERA;;;;;;;;;;;;ZUERA;;;;
FALSO;ZUMAIA;;;;;;;;;;;;ZUMAI;;;;
