pais_origen;ciudad_origen;pais_destino;ciudad_destino;um;precio_tn_40;desde;hasta;precio_tn_44
ESPAÑA;BARCELONA;ESPAÑA;LANTARON;TONELADAS;45.42;2026-01-15;2026-12-31;
ESPAÑA;BARCELONA;ESPAÑA;CORUÑA;TONELADAS;79.71;2026-01-15;2026-12-31;
ESPAÑA;BARCELONA;ESPAÑA;ALBACETE;TONELADAS;38.29;2026-01-15;2026-12-31;
ESPAÑA;BARCELONA;ESPAÑA;ALMERIA;TONELADAS;59.81;2026-01-15;2026-12-31;
ESPAÑA;BARCELONA;ESPAÑA;BADAJOZ;TONELADAS;77.22;2026-01-15;2026-12-31;
ESPAÑA;BARCELONA;ESPAÑA;AVILA;TONELADAS;54.51;2026-01-15;2026-12-31;
ESPAÑA;BARCELONA;ESPAÑA;BURGOS;TONELADAS;48.99;2026-01-15;2026-12-31;
ESPAÑA;BARCELONA;ESPAÑA;CACERES;TONELADAS;68.78;2026-01-15;2026-12-31;
ESPAÑA;BARCELONA;ESPAÑA;CADIZ;TONELADAS;84.36;2026-01-15;2026-12-31;
ESPAÑA;BARCELONA;ESPAÑA;CASTELLON;TONELADAS;21.09;2026-01-15;2026-12-31;
ESPAÑA;BARCELONA;ESPAÑA;CIUDAD REAL;TONELADAS;52.45;2026-01-15;2026-12-31;
ESPAÑA;BARCELONA;ESPAÑA;CORDOBA;TONELADAS;64.89;2026-01-15;2026-12-31;
ESPAÑA;BARCELONA;ESPAÑA;CUENCA;TONELADAS;40.56;2026-01-15;2026-12-31;
ESPAÑA;BARCELONA;ESPAÑA;GRANADA;TONELADAS;64.89;2026-01-15;2026-12-31;
ESPAÑA;BARCELONA;ESPAÑA;GUADALAJARA;TONELADAS;43.26;2026-01-15;2026-12-31;
ESPAÑA;BARCELONA;ESPAÑA;HUELVA;TONELADAS;77.22;2026-01-15;2026-12-31;
ESPAÑA;BARCELONA;ESPAÑA;HUESCA;TONELADAS;21.63;2026-01-15;2026-12-31;
ESPAÑA;BARCELONA;ESPAÑA;JAEN;TONELADAS;60.56;2026-01-15;2026-12-31;
ESPAÑA;BARCELONA;ESPAÑA;LEON;TONELADAS;71.05;2026-01-15;2026-12-31;
ESPAÑA;BARCELONA;ESPAÑA;LUGO;TONELADAS;74.73;2026-01-15;2026-12-31;
ESPAÑA;BARCELONA;ESPAÑA;MADRID;TONELADAS;45.42;2026-01-15;2026-12-31;
ESPAÑA;BARCELONA;ESPAÑA;MALAGA;TONELADAS;77.22;2026-01-15;2026-12-31;
ESPAÑA;BARCELONA;ESPAÑA;MURCIA;TONELADAS;48.99;2026-01-15;2026-12-31;
ESPAÑA;BARCELONA;ESPAÑA;ORENSE;TONELADAS;79.71;2026-01-15;2026-12-31;
ESPAÑA;BARCELONA;ESPAÑA;OVIEDO;TONELADAS;71.05;2026-01-15;2026-12-31;
ESPAÑA;BARCELONA;ESPAÑA;PALENCIA;TONELADAS;51.91;2026-01-15;2026-12-31;
ESPAÑA;BARCELONA;ESPAÑA;PONTEVEDRA;TONELADAS;79.71;2026-01-15;2026-12-31;
ESPAÑA;BARCELONA;ESPAÑA;SANTANDER;TONELADAS;54.08;2026-01-15;2026-12-31;
ESPAÑA;BARCELONA;ESPAÑA;SALAMANCA;TONELADAS;62.73;2026-01-15;2026-12-31;
ESPAÑA;BARCELONA;ESPAÑA;SEGOVIA;TONELADAS;54.08;2026-01-15;2026-12-31;
ESPAÑA;BARCELONA;ESPAÑA;SEVILLA;TONELADAS;73.54;2026-01-15;2026-12-31;
ESPAÑA;BARCELONA;ESPAÑA;SORIA;TONELADAS;37.85;2026-01-15;2026-12-31;
ESPAÑA;BARCELONA;ESPAÑA;TERUEL;TONELADAS;32.45;2026-01-15;2026-12-31;
ESPAÑA;BARCELONA;ESPAÑA;TOLEDO;TONELADAS;48.99;2026-01-15;2026-12-31;
ESPAÑA;BARCELONA;ESPAÑA;VALENCIA;TONELADAS;34.28;2026-01-15;2026-12-31;
ESPAÑA;BARCELONA;ESPAÑA;LA RIOJA;TONELADAS;39.26;2026-12-15;2026-12-31;
ESPAÑA;BARCELONA;ESPAÑA;LLEIDA;UNIDADES;470;2026-01-15;2026-12-31;
ESPAÑA;BARCELONA;ESPAÑA;NAVARRA;TONELADAS;39.26;2026-01-15;2026-12-31;
ESPAÑA;BARCELONA;ESPAÑA;GUIPUZCOA;TONELADAS;48.99;2026-01-15;2026-12-31;
ESPAÑA;BARCELONA;ESPAÑA;ALICANTE;TONELADAS;46.61;2026-01-15;2026-12-31;
ESPAÑA;BARCELONA;ESPAÑA;VALLADOLID;TONELADAS;53.97;2026-01-15;2026-12-31;
ESPAÑA;BARCELONA;ESPAÑA;VIZCAYA;TONELADAS;48.99;2026-01-15;2026-12-31;
ESPAÑA;BARCELONA;ESPAÑA;ZAMORA;TONELADAS;71.05;2026-01-15;2026-12-31;
ESPAÑA;BARCELONA;ESPAÑA;ZARAGOZA;TONELADAS;35.58;2026-01-15;2026-12-31;
ESPAÑA;BARCELONA;PORTUGAL;LISBOA;TONELADAS;88.25;2026-01-15;2026-12-31;
ESPAÑA;BARCELONA;PORTUGAL;SANTAREM;TONELADAS;88.25;2026-01-15;2026-12-31;
ESPAÑA;BARCELONA;PORTUGAL;SETUBAL;TONELADAS;88.25;2026-01-15;2026-12-31;
ESPAÑA;BARCELONA;PORTUGAL;COIMBRA;TONELADAS;84.68;2026-01-15;2026-12-31;
ESPAÑA;BARCELONA;PORTUGAL;VISEU;TONELADAS;84.68;2026-01-15;2026-12-31;
ESPAÑA;BARCELONA;PORTUGAL;S.JOAO MADEIRA;TONELADAS;84.68;2026-01-15;2026-12-31;
ESPAÑA;BARCELONA;PORTUGAL;AVEIRO;TONELADAS;84.68;2026-01-15;2026-12-31;
ESPAÑA;BARCELONA;PORTUGAL;O PORTO;TONELADAS;84.68;2026-01-15;2026-12-31;
ESPAÑA;BARCELONA;PORTUGAL;ESPINHO;TONELADAS;84.68;2025-01-15;2025-12-31;
ESPAÑA;BARCELONA;PORTUGAL;OLIVEIRA HOSPITAL;TONELADAS;84.68;2026-01-15;2026-12-31;
ESPAÑA;BARCELONA;PORTUGAL;VIANA DO CASTELO;TONELADAS;84.68;2026-01-15;2026-12-31;
ESPAÑA;BARCELONA;PORTUGAL;VILA REAL;TONELADAS;84.68;2026-01-15;2026-12-31;
ESPAÑA;BARCELONA;PORTUGAL;EVORA (PT);TONELADAS;88.25;2026-01-15;2026-12-31;
ESPAÑA;BURGOS;PORTUGAL;LISBOA;TONELADAS;64.89;2026-01-15;2026-12-31;
ESPAÑA;BURGOS;PORTUGAL;AVEIRO;TONELADAS;61.65;2026-01-15;2026-12-31;
ESPAÑA;BURGOS;PORTUGAL;O PORTO;TONELADAS;61.65;2026-01-15;2026-12-31;
ESPAÑA;BURGOS;PORTUGAL;ESPINHO;TONELADAS;61.65;2026-01-15;2026-12-31;
ESPAÑA;BARCELONA;PORTUGAL;CORUCHE (PT);TONELADAS;88.25;2026-01-15;2026-12-31;
ESPAÑA;BARCELONA;PORTUGAL;ABRANTES (PT);TONELADAS;88.25;2026-01-15;2026-12-31;
ESPAÑA;BARCELONA;PORTUGAL;TOMAR (PT);TONELADAS;88.25;2026-01-15;2026-12-31;
ESPAÑA;BARCELONA;PORTUGAL;LEIRIA (PT);TONELADAS;88.25;2026-01-15;2026-12-31;
ESPAÑA;BARCELONA;PORTUGAL;CALDAS DA RAINHA (PT);TONELADAS;88.25;2026-01-15;2026-12-31;
ESPAÑA;BARCELONA;PORTUGAL;VILA FRANCA DE XIRA;TONELADAS;88.25;2026-01-15;2026-12-31;
ESPAÑA;BARCELONA;PORTUGAL;AMADORA (PT);TONELADAS;88.25;2026-01-15;2026-12-31;
ESPAÑA;BARCELONA;PORTUGAL;ALMADA (PT);TONELADAS;88.25;2026-01-15;2026-12-31;
ESPAÑA;BARCELONA;PORTUGAL;POMBAL (PT);TONELADAS;84.68;2026-01-15;2026-12-31;
ESPAÑA;BARCELONA;PORTUGAL;MIRANDELA (PT);TONELADAS;84.68;2026-01-15;2026-12-31;
ESPAÑA;BARCELONA;PORTUGAL;ARGANIL (PT);TONELADAS;84.68;2026-01-15;2026-12-31;
ESPAÑA;BARCELONA;PORTUGAL;CASTRO DAIRE(PT);TONELADAS;84.68;2026-01-15;2026-12-31;
ESPAÑA;BARCELONA;PORTUGAL;BRAGA (PT);TONELADAS;84.68;2026-01-15;2026-12-31;
ESPAÑA;BARCELONA;PORTUGAL;GUIMARAES;TONELADAS;84.68;2026-01-15;2026-12-31;
ESPAÑA;BARCELONA;PORTUGAL;LAMEGO (PT);TONELADAS;84.68;2026-01-15;2026-12-31;
ESPAÑA;BARCELONA;PORTUGAL;MOGADOURO;TONELADAS;84.68;2026-01-15;2026-12-31;
ESPAÑA;BARCELONA;PORTUGAL;BRAGANÇA (PT);TONELADAS;84.68;2026-01-15;2026-12-31;
ESPAÑA;BARCELONA;PORTUGAL;CHAVES (PT);TONELADAS;84.68;2026-01-15;2026-12-31;
ESPAÑA;BARCELONA;PORTUGAL;CASTELO BRANCO;TONELADAS;88.25;2025-01-15;2026-12-31;
ESPAÑA;BARCELONA;PORTUGAL;SERTA (PT);TONELADAS;88.25;2026-01-15;2026-12-31;
ESPAÑA;BARCELONA;PORTUGAL;COVILHA (PT);TONELADAS;84.68;2026-01-15;2026-12-31;
ESPAÑA;BARCELONA;PORTUGAL;GUARDA (PT);TONELADAS;84.68;2026-01-15;2026-12-31;
ESPAÑA;BARCELONA;PORTUGAL;PINHEL (PT);TONELADAS;84.68;2026-01-15;2026-12-31;
ESPAÑA;BARCELONA;PORTUGAL;ESTREMOZ (PT);TONELADAS;88.25;2026-01-15;2026-12-31;
ESPAÑA;BARCELONA;PORTUGAL;MONSARAZ (PT);TONELADAS;88.25;2026-01-15;2026-12-31;
ESPAÑA;BARCELONA;PORTUGAL;PORTALEGRE;TONELADAS;88.25;2026-01-15;2026-12-31;
ESPAÑA;BARCELONA;PORTUGAL;PONTEDESOR (PT);TONELADAS;88.25;2026-01-15;2026-12-31;
ESPAÑA;BARCELONA;PORTUGAL;VILANOVA DE SANTO;TONELADAS;88.25;2026-01-15;2026-12-31;
ESPAÑA;BARCELONA;PORTUGAL;ALJUSTREL (PT);TONELADAS;88.25;2026-01-15;2026-12-31;
ESPAÑA;BARCELONA;PORTUGAL;ALMODOVAR (PT);TONELADAS;88.25;2026-01-15;2026-12-31;
ESPAÑA;BARCELONA;PORTUGAL;VEJA (PT);TONELADAS;88.25;2026-01-15;2026-12-31;
ESPAÑA;BARCELONA;PORTUGAL;FERREIRA ALENTEJO;TONELADAS;88.25;2026-01-15;2026-12-31;
ESPAÑA;BARCELONA;PORTUGAL;FARO ALBUFEIRA;TONELADAS;91.93;2026-01-15;2026-12-31;
ESPAÑA;BARCELONA;PORTUGAL;PORTIMAO (PT);TONELADAS;91.93;2026-01-15;2026-12-31;
ESPAÑA;BARCELONA;PORTUGAL;OLHAO (PT);TONELADAS;91.93;2026-01-15;2026-12-31;
ESPAÑA;BARCELONA;PORTUGAL;TAVIRA (PT);TONELADAS;91.93;2026-01-15;2026-12-31;
ESPAÑA;BARCELONA;PORTUGAL;VILA REAL STO ANTONIO;TONELADAS;91.93;2026-01-15;2026-12-31;
ESPAÑA;BURGOS;PORTUGAL;SANTAREM;TONELADAS;63.81;2026-01-15;2026-12-31;
ESPAÑA;BURGOS;PORTUGAL;ABRANTES (PT);TONELADAS;63.81;2026-01-15;2026-12-31;
ESPAÑA;BURGOS;PORTUGAL;TOMAR (PT);TONELADAS;63.81;2026-01-15;2026-12-31;
ESPAÑA;BURGOS;PORTUGAL;LEIRIA (PT);TONELADAS;63.81;2026-01-15;2026-12-31;
ESPAÑA;BURGOS;PORTUGAL;CALDAS DA RAINHA (PT);TONELADAS;63.81;2026-01-15;2026-12-31;
ESPAÑA;BURGOS;PORTUGAL;VILA FRANCA DE XIRA;TONELADAS;63.81;2026-01-15;2026-12-31;
ESPAÑA;BURGOS;PORTUGAL;AMADORA (PT);TONELADAS;63.81;2026-01-15;2026-12-31;
ESPAÑA;BURGOS;PORTUGAL;ALMADA (PT);TONELADAS;63.81;2026-01-15;2026-12-31;
ESPAÑA;BURGOS;PORTUGAL;SETUBAL;TONELADAS;63.81;2026-01-15;2026-12-31;
ESPAÑA;BURGOS;PORTUGAL;COIMBRA;TONELADAS;61.65;2026-01-15;2026-12-31;
ESPAÑA;BURGOS;PORTUGAL;POMBAL (PT);TONELADAS;61.65;2026-01-15;2026-12-31;
ESPAÑA;BURGOS;PORTUGAL;MIRANDELA (PT);TONELADAS;61.65;2026-01-15;2026-12-31;
ESPAÑA;BURGOS;PORTUGAL;ARGANIL (PT);TONELADAS;61.65;2026-01-15;2026-12-31;
ESPAÑA;BURGOS;PORTUGAL;OLIVEIRA HOSPITAL;TONELADAS;61.65;2026-01-15;2026-12-31;
ESPAÑA;BURGOS;PORTUGAL;VISEU;TONELADAS;61.65;2026-01-15;2026-12-31;
ESPAÑA;BURGOS;PORTUGAL;CASTRO DAIRE(PT);TONELADAS;61.65;2026-01-15;2026-12-31;
ESPAÑA;BURGOS;PORTUGAL;S.JOAO MADEIRA;TONELADAS;61.65;2026-01-15;2026-12-31;
ESPAÑA;BURGOS;PORTUGAL;BRAGANÇA (PT);TONELADAS;61.65;2026-01-15;2026-12-31;
ESPAÑA;BURGOS;PORTUGAL;BRAGA (PT);TONELADAS;61.65;2026-01-15;2026-12-31;
ESPAÑA;BURGOS;PORTUGAL;SAO COSME DO VALE (V. DE FAMALICAO);TONELADAS;61.65;2026-02-04;2026-12-31;
ESPAÑA;BURGOS;PORTUGAL;GUIMARAES;TONELADAS;61.65;2026-01-15;2026-12-31;
ESPAÑA;BURGOS;PORTUGAL;VIANA DO CASTELO;TONELADAS;61.65;2026-01-15;2026-12-31;
ESPAÑA;BURGOS;PORTUGAL;VILA REAL;TONELADAS;61.65;2026-01-15;2026-12-31;
ESPAÑA;BURGOS;PORTUGAL;LAMEGO (PT);TONELADAS;61.65;2026-01-15;2026-12-31;
ESPAÑA;BURGOS;PORTUGAL;MOGADOURO;TONELADAS;61.65;2026-01-15;2026-12-31;
ESPAÑA;BURGOS;PORTUGAL;CHAVES (PT);TONELADAS;61.65;2026-01-15;2026-12-31;
ESPAÑA;BURGOS;PORTUGAL;CASTELO BRANCO;TONELADAS;63.81;2026-01-15;2026-12-31;
ESPAÑA;BURGOS;PORTUGAL;SERTA (PT);TONELADAS;63.81;2026-01-15;2026-12-31;
ESPAÑA;BURGOS;PORTUGAL;COVILHA (PT);TONELADAS;61.65;2026-01-15;2026-12-31;
ESPAÑA;BURGOS;PORTUGAL;GUARDA (PT);TONELADAS;61.65;2026-01-15;2026-12-31;
ESPAÑA;BURGOS;PORTUGAL;PINHEL (PT);TONELADAS;61.65;2026-01-15;2026-12-31;
ESPAÑA;BURGOS;PORTUGAL;EVORA (PT);TONELADAS;63.81;2026-01-15;2026-12-31;
ESPAÑA;BURGOS;PORTUGAL;ESTREMOZ (PT);TONELADAS;63.81;2026-01-15;2026-12-31;
ESPAÑA;BURGOS;PORTUGAL;MONSARAZ (PT);TONELADAS;63.81;2026-01-15;2026-12-31;
ESPAÑA;BURGOS;PORTUGAL;PORTALEGRE;TONELADAS;63.81;2026-01-15;2026-12-31;
ESPAÑA;BURGOS;PORTUGAL;PONTEDESOR (PT);TONELADAS;63.81;2026-01-15;2026-12-31;
ESPAÑA;BURGOS;PORTUGAL;ALJUSTREL (PT);TONELADAS;63.81;2026-01-15;2026-12-31;
ESPAÑA;BURGOS;PORTUGAL;ALMODOVAR (PT);TONELADAS;63.81;2026-01-15;2026-12-31;
ESPAÑA;BURGOS;PORTUGAL;VEJA (PT);TONELADAS;63.81;2026-01-15;2026-12-31;
ESPAÑA;BURGOS;PORTUGAL;FERREIRA ALENTEJO;TONELADAS;63.81;2026-01-15;2026-12-31;
ESPAÑA;BURGOS;PORTUGAL;FARO ALBUFEIRA;TONELADAS;67.05;2026-01-15;2026-12-31;
ESPAÑA;BURGOS;PORTUGAL;PORTIMAO (PT);TONELADAS;67.05;2026-01-15;2026-12-31;
ESPAÑA;BURGOS;PORTUGAL;OLHAO (PT);TONELADAS;67.05;2026-01-15;2026-12-31;
ESPAÑA;BURGOS;PORTUGAL;TAVIRA (PT);TONELADAS;67.05;2026-01-15;2026-12-31;
ESPAÑA;BURGOS;PORTUGAL;VILA REAL STO ANTONIO;TONELADAS;67.05;2026-01-15;2026-12-31;
ESPAÑA;BURGOS;PORTUGAL;VILANOVA DE SANTO;TONELADAS;63.81;2026-01-15;2026-12-31;
ESPAÑA;MADRID;ESPAÑA;ALAVA;TONELADAS;28.12;2026-01-15;2026-12-31;
ESPAÑA;MADRID;ESPAÑA;ALBACETE;TONELADAS;21.63;2026-01-15;2026-12-31;
ESPAÑA;MADRID;ESPAÑA;ALICANTE;TONELADAS;30.28;2026-01-15;2026-12-31;
ESPAÑA;MADRID;ESPAÑA;ALMERIA;TONELADAS;42.18;2026-01-15;2026-12-31;
ESPAÑA;MADRID;ESPAÑA;BADAJOZ;TONELADAS;30.28;2026-01-15;2026-12-31;
ESPAÑA;MADRID;ESPAÑA;BARCELONA;TONELADAS;43.26;2026-01-15;2026-12-31;
ESPAÑA;MADRID;ESPAÑA;BURGOS;TONELADAS;21.63;2026-01-15;2026-12-31;
ESPAÑA;MADRID;ESPAÑA;CACERES;TONELADAS;21.63;2026-01-15;2026-12-31;
ESPAÑA;MADRID;ESPAÑA;CADIZ;TONELADAS;46.5;2026-01-15;2026-12-31;
ESPAÑA;MADRID;ESPAÑA;CASTELLON;TONELADAS;21.63;2026-01-15;2026-12-31;
ESPAÑA;MADRID;ESPAÑA;CORDOBA;TONELADAS;28.12;2026-01-15;2026-12-31;
ESPAÑA;MADRID;ESPAÑA;CORUÑA;TONELADAS;43.26;2026-01-15;2026-12-31;
ESPAÑA;MADRID;ESPAÑA;GERONA;TONELADAS;51.91;2026-01-15;2026-12-31;
ESPAÑA;MADRID;ESPAÑA;GRANADA;TONELADAS;30.28;2026-01-15;2026-12-31;
ESPAÑA;MADRID;ESPAÑA;GUIPUZCOA;TONELADAS;51.91;2026-01-15;2026-12-31;
ESPAÑA;MADRID;ESPAÑA;HUESCA;TONELADAS;28.12;2026-01-15;2026-12-31;
ESPAÑA;MADRID;ESPAÑA;HUELVA;TONELADAS;42.94;2026-01-15;2026-12-31;
ESPAÑA;MADRID;ESPAÑA;JAEN;TONELADAS;24.87;2026-01-15;2026-12-31;
ESPAÑA;MADRID;ESPAÑA;LEON;TONELADAS;24.87;2026-01-15;2026-12-31;
ESPAÑA;MADRID;ESPAÑA;LERIDA;TONELADAS;34.61;2026-01-15;2026-12-31;
ESPAÑA;MADRID;ESPAÑA;LA RIOJA;TONELADAS;24.87;2026-01-15;2026-12-31;
ESPAÑA;MADRID;ESPAÑA;LUGO;TONELADAS;41.75;2026-01-15;2026-12-31;
ESPAÑA;MADRID;ESPAÑA;MALAGA;TONELADAS;41.75;2026-01-15;2026-12-31;
ESPAÑA;MADRID;ESPAÑA;MURCIA;TONELADAS;30.28;2026-01-15;2026-12-31;
ESPAÑA;MADRID;ESPAÑA;NAVARRA;TONELADAS;28.12;2026-01-15;2026-12-31;
ESPAÑA;MADRID;ESPAÑA;ORENSE;TONELADAS;37.85;2026-01-15;2026-12-31;
ESPAÑA;MADRID;ESPAÑA;OVIEDO;TONELADAS;34.61;2026-01-15;2026-12-31;
ESPAÑA;MADRID;ESPAÑA;PALENCIA;TONELADAS;21.63;2026-01-15;2026-12-31;
ESPAÑA;MADRID (VALDEMORO);ESPAÑA;PORRIÑO;TONELADAS;42.94;2026-01-15;2026-12-31;
ESPAÑA;MADRID;ESPAÑA;SANTANDER;TONELADAS;34.61;2026-01-15;2026-12-31;
ESPAÑA;MADRID;ESPAÑA;SEVILLA;TONELADAS;41.75;2026-01-15;2026-12-31;
ESPAÑA;MADRID;ESPAÑA;TARRAGONA;TONELADAS;42.18;2026-01-15;2026-10-31;
ESPAÑA;MADRID;ESPAÑA;TERUEL;TONELADAS;24.87;2026-01-15;2026-12-31;
ESPAÑA;MADRID (VALDEMORO);PORTUGAL;VALADARES(PT);TONELADAS;50.5;2026-01-15;2026-12-31;
ESPAÑA;MADRID;ESPAÑA;VALENCIA;TONELADAS;28.12;2026-01-15;2026-12-31;
ESPAÑA;MADRID;ESPAÑA;VIZCAYA;TONELADAS;30.28;2026-01-15;2026-12-31;
ESPAÑA;MADRID;ESPAÑA;ZAMORA;TONELADAS;21.63;2026-01-15;2026-12-31;
ESPAÑA;MADRID;ESPAÑA;ZARAGOZA;TONELADAS;24.87;2026-01-15;2026-12-31;
ESPAÑA;TARRAGONA;PORTUGAL;COIMBRA;TONELADAS;80.8;2026-02-04;2026-12-31;
ESPAÑA;TARRAGONA;PORTUGAL;AVEIRO;TONELADAS;80.8;;2026-12-31;
ESPAÑA;TARRAGONA;PORTUGAL;LEIRIA (PT);TONELADAS;80.8;;2026-12-31;
ESPAÑA;BARCELONA;ITALIA;CREMONA (IT);UNIDADES;1785;2026-01-15;2026-12-31;
ESPAÑA;BARCELONA;ITALIA;PAVIA (IT);UNIDADES;1730;2026-01-15;2026-12-31;
ESPAÑA;BARCELONA;ITALIA;VARESE(IT);UNIDADES;1785;2026-01-15;2026-12-31;
ESPAÑA;BARCELONA;ITALIA;VERONA(IT);UNIDADES;1974;2026-01-15;2026-12-31;
ESPAÑA;BARCELONA;ITALIA;COMO(IT);UNIDADES;1812;2026-01-15;2026-10-31;
ESPAÑA;BARCELONA;ITALIA;FERRARA(IT);UNIDADES;2098;2026-01-15;2026-12-31;
ESPAÑA;BARCELONA;ITALIA;MODENA(IT);UNIDADES;1920;2026-01-15;2026-12-31;
ESPAÑA;BARCELONA;ITALIA;REGGIO EMILIA(IT);UNIDADES;1920;2026-01-15;2026-12-31;
ESPAÑA;BARCELONA;ITALIA;TREVISO(IT);UNIDADES;2163;2026-01-15;2026-12-31;
ITALIA;CREMONA (IT);ESPAÑA;BARCELONA;UNIDADES;1655;2026-01-15;2026-12-31;
ITALIA;CREMONA (IT);ESPAÑA;MURCIA;UNIDADES;2531;2026-01-15;2026-12-31;
ITALIA;NOVARA(IT);ESPAÑA;ALAVA;UNIDADES;2272;2026-01-15;2026-12-31;
ITALIA;NOVARA(IT);ESPAÑA;ALICANTE;UNIDADES;2596;2026-01-15;2026-12-31;
ITALIA;NOVARA(IT);ESPAÑA;BADAJOZ;UNIDADES;3461;2026-01-15;2026-12-31;
ITALIA;NOVARA(IT);ESPAÑA;BARCELONA;UNIDADES;1601;2026-01-15;2026-12-31;
ITALIA;NOVARA(IT);ESPAÑA;CACERES;UNIDADES;3245;2026-01-15;2026-12-31;
ITALIA;NOVARA(IT);ESPAÑA;CORUÑA;UNIDADES;3083;2026-01-15;2026-12-31;
ITALIA;NOVARA(IT);ESPAÑA;GERONA;UNIDADES;1514;2026-01-15;2026-12-31;
ITALIA;NOVARA(IT);ESPAÑA;GRANADA;UNIDADES;3245;2026-01-15;2026-12-31;
ITALIA;NOVARA(IT);ESPAÑA;GUADALAJARA;UNIDADES;2694;2026-01-15;2026-12-31;
ITALIA;NOVARA(IT);ESPAÑA;LEON;UNIDADES;2912;2026-01-15;2026-12-31;
ITALIA;NOVARA(IT);ESPAÑA;MURCIA;UNIDADES;2639;2026-01-15;2026-12-31;
ITALIA;NOVARA(IT);ESPAÑA;NAVARRA;UNIDADES;2272;2026-01-15;2026-12-31;
ITALIA;NOVARA(IT);ESPAÑA;PONTEVEDRA;UNIDADES;3218;2026-01-15;2026-12-31;
ITALIA;NOVARA(IT);ESPAÑA;SEVILLA;UNIDADES;3353;2026-01-15;2026-12-31;
ITALIA;NOVARA(IT);ESPAÑA;TARRAGONA;UNIDADES;1758;2026-01-15;2026-12-31;
ITALIA;NOVARA(IT);ESPAÑA;VALENCIA;UNIDADES;2055;2026-01-15;2026-12-31;
ITALIA;NOVARA(IT);ESPAÑA;ZARAGOZA;UNIDADES;2164;2026-01-15;2026-12-31;
ITALIA;FLORENCE(IT);ESPAÑA;LERIDA;UNIDADES;2185;2026-01-15;2026-12-31;
ITALIA;LIVORNO(IT);ESPAÑA;ALICANTE;UNIDADES;2731;2026-01-15;2026-12-31;
ITALIA;LIVORNO(IT);ESPAÑA;BARCELONA;UNIDADES;1687;2026-01-15;2026-12-31;
ITALIA;MANTUA(IT);ESPAÑA;BARCELONA;UNIDADES;1812;2026-01-15;2026-12-31;
ITALIA;MANTUA(IT);ESPAÑA;VALENCIA;UNIDADES;2456;2026-01-15;2026-12-31;
ESPAÑA;LOGROÑO (CAPARROSO);PORTUGAL;CARREGADO;TONELADAS;66.26;2026-04-16;2026-12-31;
ESPAÑA;BARCELONA;PORTUGAL;VILARINHO;TONELADAS;84.68;2026-01-15;2026-12-31;
ESPAÑA;BARCELONA;PORTUGAL;MANGUALDE;TONELADAS;84.68;2026-04-16;2026-12-31;
ESPAÑA;LOGROÑO (CAPARROSO);PORTUGAL;LEIRIA (PT);TONELADAS;66.26;2026-04-16;2026-12-31;
ESPAÑA;BARCELONA;PORTUGAL;MINDELO;TONELADAS;84.68;2026-04-16;2026-12-31;
ESPAÑA;BARCELONA;PORTUGAL;LOUSADA;TONELADAS;84.68;2026-04-16;2026-12-31;
ESPAÑA;TARRAGONA;PORTUGAL;COIMBRA;TONELADAS;80.8;2026-04-16;2026-12-31;
ESPAÑA;TARRAGONA;ESPAÑA;MIERES (ASTURIAS);TONELADAS;65.36;2026-04-08;2026-12-31;
ESPAÑA;TARRAGONA;ESPAÑA;AZPEITIA (GUIPUZCOA);TONELADAS;48;2026-04-22;2026-12-31;
ESPAÑA;Caparroso (Navarra);PORTUGAL;CARREGADO (PT);TONELADAS;66.27;2026-04-07;2026-12-31;
ESPAÑA;Caparroso (Navarra);PORTUGAL;LEIRIA (PT);TONELADAS;66.27;2026-04-16;2026-12-31;
ESPAÑA;BURGOS;PORTUGAL;BRAGA (PT);TONELADAS;61.65;2026-04-16;2026-12-31;
ESPAÑA;BURGOS;PORTUGAL;VILA NOVA DE FAMALIÇAO (PT);TONELADAS;61.65;2026-04-16;2026-12-31;
ESPAÑA;BARCELONA;PORTUGAL;VILA NOVA DE FAMALIÇAO (PT);TONELADAS;84.68;2026-04-16;2026-12-31;
ESPAÑA;BARCELONA;PORTUGAL;SANTO TIRSO (PT);TONELADAS;84.68;2026-04-16;2026-12-31;
ESPAÑA;TARRAGONA;PORTUGAL;LISBOA (PT);TONELADAS;85;2026-05-17;2026-12-31;
ESPAÑA;ARTEIXO;ESPAÑA;DOS HERMANAS (SEVILLA);TONELADAS;78;2026-05-27;2026-12-31;
ESPAÑA;BARCELONA;PORTUGAL;BENAVENT (DISTRITO SANTAREM);TONELADAS;88.25;2026-06-01;2026-12-31;
ESPAÑA;ARTEIXO;ESPAÑA;BARCELONA;TONELADAS;79.71;2026-05-27;2026-12-31;
ESPAÑA;BARCELONA;PORTUGAL;MEM MARTINS;TONELADAS;88.25;2026-06-01;2026-12-31;
